CustomerID,Recency,Frequency,Monetary,Cluster
12346.0,326,2,0.0,0
12747.0,2,11,4196.01,1
12748.0,1,224,29072.1,2
12749.0,4,8,3868.2,1
12820.0,3,4,942.34,1
12821.0,214,1,92.72,0
12822.0,71,3,918.98,1
12823.0,75,5,1759.5,1
12824.0,60,1,397.12,1
12826.0,3,8,1468.1200000000001,1
12827.0,6,3,430.15000000000003,1
12828.0,3,6,1018.71,1
12829.0,322,3,253.05,0
12830.0,38,7,6748.4,1
12831.0,262,1,215.05,0
12832.0,32,2,383.03,1
12833.0,145,1,417.38,0
12834.0,283,1,312.38,0
12836.0,59,4,2612.86,1
12837.0,173,1,134.1,0
12838.0,34,2,683.13,1
12839.0,3,16,5583.62,1
12840.0,144,6,2714.27,1
12841.0,5,26,3876.4,1
12842.0,70,2,1118.99,1
12843.0,66,9,1680.76,1
12844.0,29,2,325.96000000000004,1
12845.0,267,4,354.09,0
12847.0,22,1,871.54,1
12849.0,31,2,1050.8899999999999,1
12851.0,97,1,135.18,1
12852.0,290,2,299.75,0
12853.0,108,9,1881.7,1
12854.0,79,5,1289.15,1
12855.0,373,1,38.1,0
12856.0,8,8,2162.68,1
12857.0,211,2,1106.4,0
12863.0,52,2,504.2,1
12864.0,138,1,147.12,0
12867.0,26,10,3986.22,1
12868.0,186,6,1607.0600000000002,0
12870.0,366,1,-14.899999999999999,0
12871.0,84,2,380.64,1
12872.0,327,2,599.97,0
12873.0,282,1,374.0,0
12875.0,143,2,343.2300000000001,0
12877.0,4,12,1535.77,1
12878.0,18,3,841.64,1
12879.0,45,4,552.5699999999999,1
12881.0,276,1,298.0,0
12882.0,9,2,1463.04,1
12883.0,25,4,703.47,1
12884.0,88,1,309.05,1
12885.0,63,4,1158.27,1
12886.0,68,3,1351.09,1
12888.0,214,4,313.77,0
12890.0,24,1,380.46999999999997,1
12891.0,186,3,331.0,0
12893.0,31,1,188.14,1
12895.0,42,3,347.3,1
12897.0,205,2,216.5,0
12901.0,9,36,16293.1,1
12902.0,265,1,138.68,0
12904.0,18,2,509.58,1
12906.0,12,5,2919.81,1
12908.0,59,4,246.0,1
12909.0,40,8,2128.83,1
12910.0,23,8,3075.04,1
12912.0,3,5,1662.3,1
12913.0,5,5,2483.63,1
12915.0,149,2,363.65,0
12916.0,139,5,2982.35,1
12917.0,128,1,594.0,1
12919.0,8,8,1301.44,1
12920.0,17,1,164.23,1
12921.0,4,50,16389.74,1
12922.0,161,1,405.38,0
12923.0,64,1,176.97,1
12924.0,88,5,929.95,1
12925.0,5,2,694.05,1
12928.0,35,5,2062.7000000000003,1
12929.0,122,2,105.1,1
12930.0,78,4,409.9,1
12931.0,22,20,33462.81,1
12933.0,24,4,606.28,1
12935.0,2,8,2156.45,1
12936.0,17,5,1012.9,1
12937.0,15,4,1504.27,1
12938.0,26,1,114.14,1
12939.0,64,8,11581.8,1
12940.0,46,4,876.29,1
12942.0,131,3,683.9,1
12943.0,301,1,-3.75,0
12944.0,36,2,604.51,1
12945.0,288,1,462.95,0
12947.0,144,11,1407.29,1
12948.0,16,8,2053.7,1
12949.0,31,10,4143.02,1
12950.0,2,3,1843.0,1
12951.0,9,8,1042.07,1
12952.0,6,5,1382.8400000000001,1
12953.0,10,1,329.85,1
12955.0,1,14,4734.26,1
12956.0,306,1,108.07,0
12957.0,4,12,3979.04,1
12962.0,7,2,266.39,1
12963.0,8,9,1841.03,1
12965.0,89,1,771.91,1
12966.0,10,1,160.18,1
12967.0,3,4,1194.75,1
12968.0,112,1,135.95,1
12970.0,7,4,452.24,1
12971.0,4,89,10930.26,1
12974.0,198,1,144.8,0
12976.0,212,1,738.6,0
12977.0,156,1,39.239999999999995,0
12980.0,156,12,7092.06,1
12981.0,30,2,372.21999999999997,1
12982.0,240,2,377.2,0
12984.0,19,1,97.5,1
12985.0,1,3,1215.6200000000001,1
12987.0,74,3,545.0,1
12988.0,292,1,535.32,0
12989.0,3,19,6854.51,1
12990.0,31,3,409.5,1
12991.0,23,2,503.76,1
12993.0,23,4,414.76,1
12994.0,4,5,902.22,1
12995.0,78,2,200.72,1
12997.0,22,7,1197.94,1
12999.0,196,3,455.88,0
13000.0,107,3,534.85,1
13001.0,4,15,9797.92,1
13002.0,318,1,120.94999999999999,0
13003.0,106,3,149.05,1
13004.0,12,22,5613.43,1
13005.0,174,3,468.95,0
13006.0,56,1,81.57,1
13008.0,323,2,178.46999999999997,0
13011.0,372,1,50.550000000000004,0
13012.0,9,11,1311.6200000000001,1
13013.0,1,15,4786.99,1
13014.0,3,16,3365.43,1
13015.0,53,5,3346.28,1
13016.0,73,3,789.89,1
13017.0,7,1,204.0,1
13018.0,16,29,7272.75,1
13021.0,4,12,2584.4,1
13023.0,64,2,689.9,1
13026.0,1,8,936.15,1
13027.0,114,6,6912.0,1
13028.0,23,3,659.68,1
13029.0,31,3,1247.5,1
13030.0,11,2,799.48,1
13032.0,39,3,996.52,1
13033.0,357,1,190.55,0
13034.0,55,2,642.77,1
13035.0,58,3,886.63,1
13037.0,138,3,881.07,1
13038.0,80,3,908.46,1
13040.0,9,2,676.99,1
13043.0,254,2,471.57,0
13044.0,291,1,560.47,0
13045.0,99,1,305.28000000000003,1
13046.0,31,2,629.31,1
13047.0,32,18,3079.1,1
13048.0,14,5,1805.91,1
13049.0,64,2,656.6800000000001,1
13050.0,9,28,5684.61,1
13052.0,212,1,348.15000000000003,0
13055.0,64,4,1201.96,1
13058.0,25,3,271.40000000000003,1
13059.0,250,1,183.4,0
13060.0,254,1,307.53,0
13061.0,72,1,248.61,1
13062.0,191,1,346.98,0
13064.0,13,4,1119.49,1
13065.0,373,1,205.86,0
13066.0,24,3,430.9,1
13067.0,82,1,115.46000000000001,1
13068.0,10,2,344.0,1
13069.0,1,27,3717.82,1
13070.0,192,1,228.8,0
13072.0,267,1,177.15,0
13075.0,130,1,919.61,1
13077.0,1,4,729.27,1
13078.0,1,43,12432.28,1
13079.0,4,5,220.10000000000002,1
13080.0,179,1,58.08,0
13081.0,1,21,27964.48,1
13082.0,126,10,3595.48,1
13083.0,4,2,303.75,1
13085.0,158,3,272.38,0
13089.0,3,118,57385.88,3
13090.0,9,18,8689.39,1
13091.0,21,2,319.82,1
13092.0,71,6,459.83,1
13093.0,267,13,7741.47,0
13094.0,21,16,1708.8600000000001,1
13095.0,71,1,74.39999999999999,1
13097.0,33,14,5893.32,1
13098.0,1,41,28658.88,1
13099.0,99,1,207.35999999999999,1
13101.0,234,1,101.19,0
13102.0,1,27,6336.29,1
13103.0,40,1,243.94,1
13104.0,3,6,1098.48,1
13106.0,129,2,59.5,1
13107.0,44,5,1524.07,1
13108.0,373,1,350.06,0
13109.0,3,5,766.84,1
13110.0,31,8,1452.8700000000001,1
13113.0,1,40,10510.0,1
13115.0,9,14,2205.63,1
13116.0,117,2,485.19,1
13117.0,22,8,984.91,1
13118.0,20,7,1125.0,1
13120.0,239,1,30.599999999999998,0
13121.0,269,2,254.73,0
13122.0,94,2,922.39,1
13124.0,90,3,3866.33,1
13126.0,5,10,2056.29,1
13127.0,78,1,259.17,1
13130.0,94,1,64.0,1
13131.0,23,4,1039.3,1
13132.0,262,1,77.3,0
13133.0,274,2,109.8,0
13134.0,73,7,1740.63,1
13135.0,197,1,3096.0,0
13136.0,50,11,2545.38,1
13137.0,11,9,3605.08,1
13138.0,22,6,962.39,1
13139.0,16,8,5055.79,1
13140.0,108,3,423.72,1
13141.0,85,6,2385.8,1
13142.0,19,1,307.09,1
13144.0,333,1,110.95,0
13145.0,40,5,614.77,1
13146.0,26,1,228.91,1
13147.0,10,4,712.8000000000001,1
13148.0,29,17,3348.48,1
13149.0,14,4,1676.06,1
13151.0,203,2,1250.3700000000001,0
13153.0,6,1,486.22,1
13154.0,144,1,-611.86,0
13155.0,33,4,971.76,1
13157.0,49,5,1721.57,1
13158.0,95,4,1201.06,1
13159.0,9,5,1379.75,1
13160.0,22,1,91.8,1
13161.0,313,1,112.75,0
13162.0,122,5,1644.99,1
13165.0,46,2,1021.48,1
13166.0,282,2,414.7,0
13167.0,19,4,791.33,1
13168.0,36,5,1310.14,1
13169.0,64,2,712.88,1
13170.0,27,1,116.00999999999999,1
13171.0,8,5,426.81,1
13173.0,4,2,353.65,1
13174.0,16,3,2817.03,1
13176.0,46,1,492.84,1
13177.0,65,1,282.45,1
13178.0,26,11,5725.47,1
13182.0,45,1,121.18,1
13183.0,8,9,3957.78,1
13184.0,15,12,1648.79,1
13185.0,268,1,71.4,0
13186.0,40,5,1539.69,1
13187.0,337,1,236.02,0
13188.0,11,1,114.60000000000001,1
13189.0,19,2,260.68,1
13192.0,95,2,911.94,1
13193.0,61,1,117.88,1
13194.0,136,1,60.7,0
13196.0,11,4,1797.78,1
13198.0,10,8,3384.09,1
13199.0,4,39,9803.96,1
13200.0,19,4,870.09,1
13203.0,10,4,869.46,1
13207.0,15,2,250.26000000000002,1
13208.0,59,7,1205.9,1
13209.0,30,11,5820.16,1
13210.0,94,1,353.48,1
13211.0,10,3,1197.42,1
13212.0,9,4,780.58,1
13213.0,57,6,1518.43,1
13216.0,268,1,333.74,0
13217.0,122,5,133.62,1
13218.0,127,1,62.63999999999999,1
13220.0,78,4,819.2900000000001,1
13221.0,240,2,847.41,0
13223.0,200,2,163.20000000000002,0
13224.0,60,3,2150.85,1
13225.0,3,8,6083.04,1
13226.0,273,1,108.21000000000001,0
13227.0,202,1,257.7,0
13228.0,81,1,358.0,1
13229.0,226,1,160.95,0
13230.0,4,15,2763.41,1
13232.0,13,7,1357.6,1
13233.0,74,2,605.12,1
13235.0,212,2,101.17000000000007,0
13236.0,24,3,727.27,1
13238.0,11,5,680.83,1
13239.0,262,1,329.56,0
13240.0,96,4,663.65,1
13242.0,112,3,270.40000000000003,1
13243.0,203,1,600.07,0
13244.0,93,1,121.74000000000001,1
13245.0,51,1,430.5,1
13246.0,18,7,1922.1,1
13247.0,18,4,501.12,1
13248.0,125,2,465.68,1
13249.0,92,3,711.41,1
13253.0,157,2,1030.4,0
13255.0,4,3,390.66,1
13256.0,14,1,0.0,1
13258.0,12,3,698.58,1
13259.0,62,1,292.32,1
13260.0,61,1,557.62,1
13261.0,269,2,944.1,0
13262.0,263,1,200.29,0
13263.0,1,35,7454.07,1
13265.0,53,5,2107.66,1
13266.0,11,19,3717.67,1
13267.0,3,27,4404.44,1
13268.0,18,15,3167.64,1
13269.0,1,17,5315.92,1
13270.0,366,1,590.0,0
13271.0,37,2,178.26,1
13272.0,31,2,276.56,1
13273.0,113,1,138.98,1
13276.0,64,2,590.9300000000001,1
13277.0,16,4,258.4,1
13278.0,41,1,542.73,1
13279.0,64,2,126.30000000000001,1
13280.0,122,3,814.86,1
13282.0,18,6,1047.8400000000001,1
13283.0,60,2,93.66,1
13284.0,323,2,196.15,0
13285.0,23,4,2709.12,1
13291.0,156,1,361.11,0
13292.0,39,2,578.9399999999999,1
13294.0,190,2,873.74,0
13295.0,360,2,197.95000000000002,0
13296.0,137,1,87.4,0
13297.0,8,4,2089.85,1
13298.0,1,1,360.0,1
13299.0,268,1,142.5,0
13300.0,165,2,365.29,0
13301.0,104,4,618.09,1
13302.0,155,1,63.75,0
13304.0,351,1,300.42,0
13305.0,4,10,2000.86,1
13307.0,120,1,15.0,1
13308.0,23,4,1367.6100000000001,1
13309.0,7,5,1456.79,1
13310.0,9,6,1083.63,1
13311.0,4,2,598.57,1
13313.0,22,5,1555.32,1
13314.0,2,4,578.66,1
13316.0,37,5,5815.49,1
13317.0,64,9,2140.07,1
13318.0,1,3,640.76,1
13319.0,5,36,10664.34,1
13320.0,70,6,1491.7,1
13321.0,72,2,567.36,1
13322.0,17,1,199.48000000000002,1
13323.0,3,5,787.85,1
13324.0,32,12,7072.8,1
13325.0,82,1,675.3,1
13327.0,39,9,3617.57,1
13328.0,316,1,1308.48,0
13329.0,32,4,740.4,1
13330.0,93,3,1140.93,1
13332.0,14,1,350.9,1
13334.0,82,3,3536.82,1
13336.0,77,1,795.12,1
13338.0,154,3,431.82,0
13339.0,201,1,860.12,0
13340.0,45,7,10736.48,1
13341.0,261,1,775.85,0
13343.0,173,2,303.93,0
13344.0,68,3,2543.72,1
13345.0,277,2,377.6,0
13347.0,70,1,341.36,1
13348.0,64,1,233.76,1
13349.0,11,1,247.32,1
13350.0,16,3,910.72,1
13351.0,66,1,373.94,1
13352.0,8,2,389.28,1
13354.0,71,1,743.53,1
13355.0,122,1,674.7,1
13356.0,80,1,768.24,1
13357.0,257,1,609.95,0
13358.0,269,1,439.03,0
13359.0,59,2,431.26,1
13362.0,3,5,3085.4900000000002,1
13363.0,18,2,992.5,1
13364.0,67,2,0.0,1
13365.0,9,3,2191.22,1
13366.0,50,1,56.160000000000004,1
13368.0,257,2,623.4,0
13369.0,354,2,263.75,0
13370.0,366,2,721.32,0
13372.0,90,1,378.64,1
13373.0,61,3,3312.25,1
13375.0,81,2,772.9,1
13376.0,99,3,1019.76,1
13379.0,26,3,572.56,1
13381.0,21,7,3626.81,1
13382.0,281,1,222.99,0
13384.0,31,9,4122.28,1
13385.0,330,1,534.57,0
13388.0,121,3,627.15,1
13389.0,11,3,797.96,1
13390.0,75,1,544.08,1
13391.0,204,1,59.8,0
13394.0,2,10,2312.8,1
13395.0,185,1,307.72,0
13396.0,22,4,1325.29,1
13397.0,73,6,1539.18,1
13398.0,192,1,457.34,0
13402.0,127,2,621.23,1
13403.0,18,1,75.0,1
13404.0,1,2,252.49,1
13405.0,74,3,572.451,1
13408.0,2,81,27487.41,3
13410.0,9,7,988.91,1
13411.0,107,1,213.55,1
13414.0,134,3,1390.5,1
13416.0,44,2,712.5,1
13417.0,5,2,640.83,1
13418.0,12,23,5845.44,1
13419.0,64,1,221.06,1
13420.0,135,4,140.35,1
13421.0,40,3,1848.98,1
13422.0,51,2,2601.55,1
13425.0,108,3,1624.21,1
13426.0,1,12,3550.7000000000003,1
13427.0,19,3,582.6,1
13428.0,10,1,218.47,1
13429.0,11,4,1006.8,1
13430.0,19,4,648.6899999999999,1
13431.0,67,2,1269.1,1
13434.0,74,2,534.24,1
13435.0,5,9,3794.4900000000002,1
13436.0,2,1,196.89,1
13437.0,14,7,3408.06,1
13439.0,255,1,283.71,0
13441.0,92,1,296.64,1
13447.0,23,4,1104.23,1
13448.0,17,10,3465.67,1
13449.0,24,1,291.88,1
13450.0,27,6,2043.7199999999998,1
13451.0,26,6,2916.45,1
13452.0,259,2,590.0,0
13453.0,166,2,356.97999999999996,0
13455.0,25,4,1007.35,1
13456.0,18,7,1737.8200000000002,1
13458.0,7,22,9537.92,1
13460.0,29,2,183.44,1
13461.0,39,3,1445.0,1
13462.0,183,2,143.25,0
13464.0,58,1,674.68,1
13466.0,100,2,297.95,1
13467.0,11,2,1083.71,1
13468.0,2,41,5656.75,1
13470.0,99,2,165.0,1
13471.0,1,4,2531.58,1
13473.0,61,3,417.54,1
13474.0,236,1,229.59,0
13475.0,191,4,1431.78,0
13476.0,179,4,1092.77,0
13477.0,38,8,1441.53,1
13479.0,198,3,291.0,0
13481.0,46,8,1776.81,1
13482.0,232,1,184.64,0
13483.0,66,1,140.34,1
13484.0,241,1,313.8,0
13485.0,233,1,454.24,0
13486.0,78,3,1122.41,1
13487.0,58,3,575.4,1
13488.0,17,17,8910.61,1
13489.0,105,4,449.52,1
13491.0,52,10,1215.82,1
13494.0,312,1,316.26000000000005,0
13495.0,8,6,1990.1200000000001,1
13496.0,11,3,617.93,1
13497.0,283,3,321.05,0
13499.0,18,7,1146.96,1
13500.0,23,4,1136.77,1
13502.0,17,3,292.0,1
13503.0,71,1,216.85,1
13504.0,64,1,295.93,1
13506.0,312,3,452.82,0
13507.0,3,4,2479.16,1
13508.0,244,1,110.97,0
13509.0,9,7,979.72,1
13510.0,1,5,1785.16,1
13512.0,261,1,251.21,0
13513.0,127,1,205.1,1
13514.0,74,1,152.20000000000002,1
13515.0,73,4,891.12,1
13516.0,21,3,1389.41,1
13517.0,60,5,2109.07,1
13518.0,86,1,659.4399999999999,1
13519.0,50,2,110.80000000000001,1
13521.0,1,3,1093.65,1
13522.0,30,1,125.80000000000001,1
13523.0,33,6,3755.38,1
13524.0,41,5,680.1800000000001,1
13525.0,15,2,628.78,1
13527.0,34,8,2263.76,1
13529.0,79,2,307.76,1
13531.0,205,2,483.8,0
13532.0,34,1,210.31,1
13533.0,183,3,270.79,0
13534.0,2,43,5613.08,1
13536.0,1,7,3448.29,1
13538.0,43,7,1280.85,1
13539.0,86,4,605.84,1
13544.0,40,2,291.41,1
13546.0,12,3,626.99,1
13548.0,96,2,682.41,1
13549.0,26,8,916.12,1
13551.0,319,1,91.80000000000001,0
13552.0,66,16,3539.53,1
13555.0,74,4,4149.28,1
13557.0,28,2,584.06,1
13558.0,6,4,605.06,1
13560.0,7,1,174.37,1
13561.0,216,1,141.85999999999999,0
13562.0,82,3,1799.33,1
13563.0,84,2,777.53,1
13564.0,144,5,647.74,1
13565.0,19,2,240.22,1
13566.0,41,2,874.71,1
13568.0,173,1,192.85,0
13569.0,17,2,373.75,1
13570.0,243,1,239.49,0
13571.0,13,12,2092.32,1
13572.0,206,1,1384.25,0
13573.0,50,2,294.4,1
13575.0,23,5,732.0699999999999,1
13576.0,10,20,6703.3,1
13577.0,25,5,1658.3,1
13579.0,15,2,467.04,1
13581.0,309,1,118.0,0
13583.0,156,1,781.03,0
13584.0,307,1,142.4,0
13587.0,32,3,347.0,1
13588.0,16,13,2445.12,1
13589.0,15,2,379.65,1
13590.0,11,7,1976.12,1
13591.0,65,3,1117.13,1
13592.0,36,4,247.95999999999998,1
13593.0,108,6,1990.28,1
13594.0,53,1,396.97,1
13596.0,6,2,697.04,1
13598.0,47,2,167.42000000000002,1
13599.0,1,33,5030.6,1
13600.0,312,1,219.52,0
13601.0,45,2,693.32,1
13602.0,65,1,428.89,1
13603.0,26,1,164.34,1
13606.0,29,3,280.53999999999996,1
13607.0,40,1,678.01,1
13610.0,12,9,1115.43,1
13611.0,89,4,1158.2,1
13614.0,24,4,1610.46,1
13615.0,313,2,399.99,0
13617.0,40,3,544.18,1
13618.0,174,1,177.34,0
13621.0,117,1,213.85,1
13623.0,31,7,672.44,1
13626.0,253,1,257.23,0
13627.0,59,7,1624.02,1
13629.0,23,11,7792.36,1
13630.0,5,11,1995.68,1
13631.0,100,12,3021.77,1
13632.0,25,6,2117.02,1
13634.0,33,5,1575.16,1
13635.0,68,1,1071.03,1
13636.0,37,6,941.62,1
13637.0,52,3,810.5,1
13638.0,16,1,122.64,1
13639.0,74,1,1033.34,1
13642.0,216,1,354.8,0
13643.0,31,3,519.44,1
13644.0,9,5,2597.52,1
13645.0,120,1,252.1,1
13647.0,10,5,1670.22,1
13649.0,257,2,346.6,0
13650.0,17,7,1809.34,1
13651.0,35,2,94.2,1
13652.0,46,3,1095.08,1
13654.0,43,6,2707.33,1
13655.0,114,2,932.97,1
13656.0,165,2,379.65,0
13657.0,11,2,382.14,1
13658.0,10,7,2421.47,1
13659.0,197,3,1550.85,0
13662.0,86,7,879.08,1
13663.0,179,1,189.47,0
13666.0,60,3,84.65,1
13667.0,149,1,305.02,0
13668.0,3,29,6216.07,1
13669.0,51,2,218.55,1
13670.0,75,1,349.7,1
13672.0,301,6,-71.46,0
13673.0,19,2,396.92,1
13675.0,151,2,486.82000000000005,0
13678.0,152,1,232.6,0
13680.0,1,5,2202.31,1
13681.0,18,4,827.83,1
13682.0,187,1,59.5,0
13684.0,286,2,64.23,0
13685.0,3,7,3119.44,1
13686.0,183,1,72.0,0
13689.0,63,1,910.0,1
13690.0,59,1,172.25,1
13692.0,25,5,1466.8700000000001,1
13693.0,325,2,-32.0,0
13694.0,4,60,62653.1,3
13695.0,31,15,2504.13,1
13697.0,39,1,151.29999999999998,1
13699.0,155,1,308.58000000000004,0
13700.0,26,10,2265.12,1
13703.0,318,1,99.5,0
13704.0,5,10,2295.31,1
13705.0,8,3,711.86,1
13706.0,303,1,330.79,0
13707.0,267,2,806.41,0
13708.0,271,1,296.88,0
13709.0,4,17,6249.110000000001,1
13710.0,32,1,180.48,1
13711.0,219,2,252.06,0
13712.0,247,1,228.84,0
13715.0,281,8,1053.94,0
13716.0,269,1,138.28,0
13717.0,32,7,1432.26,1
13718.0,246,2,306.55,0
13719.0,15,5,1041.68,1
13720.0,117,4,799.9,1
13721.0,36,1,524.14,1
13722.0,120,4,2369.16,1
13723.0,217,1,199.85000000000002,0
13725.0,50,11,1809.81,1
13726.0,39,2,1079.6599999999999,1
13727.0,29,2,333.48,1
13728.0,37,6,1016.14,1
13730.0,136,2,752.6,1
13731.0,219,2,610.59,0
13732.0,28,1,491.86,1
13735.0,25,8,2766.18,1
13736.0,5,3,724.0,1
13737.0,200,1,339.59999999999997,0
13739.0,18,1,216.9,1
13740.0,241,1,350.75,0
13741.0,72,4,666.33,1
13742.0,17,14,3102.42,1
13743.0,3,8,1340.1499999999999,1
13744.0,95,2,1156.36,1
13745.0,151,2,291.54,0
13747.0,374,1,79.6,0
13748.0,96,5,948.25,1
13750.0,54,5,1647.26,1
13751.0,288,1,296.25,0
13752.0,124,6,1186.28,1
13753.0,288,1,741.26,0
13754.0,152,2,282.59999999999997,0
13755.0,4,10,2154.68,1
13756.0,2,15,5145.12,1
13758.0,12,7,3190.55,1
13759.0,33,2,659.4100000000001,1
13760.0,54,2,286.79,1
13761.0,50,2,1070.65,1
13762.0,204,2,3.552713678800501e-15,0
13763.0,63,3,1689.46,1
13764.0,71,3,1521.76,1
13767.0,2,52,16945.71,1
13769.0,2,16,2771.87,1
13771.0,64,5,2631.7,1
13772.0,34,3,1132.13,1
13774.0,82,1,345.0,1
13777.0,1,41,25748.350000000002,1
13778.0,103,1,178.7,1
13780.0,7,2,360.01,1
13781.0,251,1,127.84,0
13782.0,13,6,912.0,1
13784.0,10,11,2462.79,1
13786.0,367,1,230.39999999999998,0
13787.0,76,2,309.04,1
13790.0,4,1,348.8,1
13791.0,43,3,1047.68,1
13792.0,66,2,195.55,1
13798.0,1,63,36351.42,3
13799.0,117,2,688.86,1
13800.0,310,1,558.32,0
13801.0,67,1,324.8,1
13802.0,138,6,3906.27,1
13803.0,255,1,277.07,0
13804.0,31,7,2635.79,1
13805.0,52,2,924.6,1
13806.0,64,1,256.38,1
13807.0,367,1,112.6,0
13808.0,6,5,1747.66,1
13819.0,302,3,1140.35,0
13821.0,145,2,385.64,0
13822.0,6,2,632.0,1
13823.0,19,2,957.66,1
13824.0,33,5,1698.94,1
13826.0,158,2,174.65,0
13827.0,58,3,412.05,1
13828.0,22,1,209.49,1
13829.0,359,1,-102.0,0
13831.0,16,6,2202.99,1
13832.0,18,2,40.949999999999996,1
13833.0,159,1,384.8,0
13835.0,25,4,834.57,1
13837.0,212,2,271.24,0
13838.0,6,4,691.73,1
13841.0,253,1,85.0,0
13842.0,59,9,3385.62,1
13844.0,11,1,361.62,1
13845.0,65,1,312.98,1
13846.0,25,4,847.61,1
13848.0,92,3,1255.0,1
13849.0,52,2,1537.95,1
13850.0,88,2,1586.81,1
13851.0,96,3,2651.46,1
13853.0,9,2,1056.94,1
13854.0,9,29,8025.0199999999995,1
13856.0,169,5,363.4,0
13858.0,57,1,216.17,1
13859.0,326,1,201.16,0
13860.0,1,6,1240.0,1
13862.0,18,10,2187.31,1
13863.0,245,2,299.56,0
13865.0,58,4,501.56,1
13866.0,74,1,145.67000000000002,1
13867.0,31,3,1015.29,1
13868.0,7,2,3192.54,1
13869.0,123,4,3104.95,1
13870.0,2,10,2751.25,1
13871.0,23,14,6389.8,1
13873.0,120,4,381.7,1
13874.0,358,1,540.45,0
13875.0,54,5,1786.79,1
13876.0,64,1,122.7,1
13877.0,86,1,117.24,1
13878.0,55,1,1281.53,1
13880.0,21,13,3219.77,1
13881.0,3,22,16989.52,1
13882.0,3,6,1131.28,1
13883.0,1,9,2538.75,1
13884.0,7,6,781.3000000000001,1
13885.0,189,2,506.8,0
13886.0,71,1,243.56,1
13887.0,204,1,349.55,0
13888.0,120,2,605.63,1
13889.0,93,1,416.90000000000003,1
13890.0,1,14,1860.8600000000001,1
13892.0,27,4,632.97,1
13893.0,298,1,821.1,0
13894.0,22,5,535.97,1
13895.0,21,5,2588.12,1
13897.0,50,1,311.16,1
13898.0,326,1,155.93,0
13899.0,16,2,388.52,1
13900.0,183,3,740.95,0
13901.0,72,5,2867.2,1
13904.0,37,2,332.64,1
13908.0,80,5,2347.05,1
13911.0,57,9,2580.91,1
13914.0,4,3,613.95,1
13917.0,50,2,272.04,1
13918.0,50,2,1212.8400000000001,1
13922.0,352,1,172.25,0
13923.0,54,1,351.13,1
13924.0,2,11,1682.08,1
13925.0,36,6,616.65,1
13926.0,23,1,223.85000000000002,1
13927.0,75,1,348.99,1
13928.0,11,4,464.57,1
13929.0,169,3,802.85,0
13930.0,58,2,337.34,1
13931.0,86,3,1230.93,1
13932.0,295,1,307.4,0
13933.0,109,2,608.7900000000001,1
13934.0,264,1,922.1,0
13936.0,171,2,361.28,0
13937.0,169,1,158.85,0
13938.0,35,1,71.66,1
13939.0,23,4,556.75,1
13940.0,17,4,839.14,1
13941.0,22,7,4912.41,1
13946.0,79,3,561.5699999999999,1
13947.0,65,1,90.6,1
13948.0,361,1,102.0,0
13949.0,3,6,2427.32,1
13950.0,11,5,728.56,1
13951.0,176,3,674.45,0
13952.0,211,3,3246.091,0
13953.0,7,7,3515.68,1
13954.0,1,3,378.59,1
13955.0,154,2,322.96,0
13956.0,5,5,1026.42,1
13958.0,372,1,-102.45,0
13959.0,79,3,598.2,1
13960.0,21,2,230.22,1
13962.0,22,2,169.55,1
13963.0,308,4,664.54,0
13967.0,146,1,80.7,0
13969.0,7,20,8986.69,1
13971.0,9,11,2702.2200000000003,1
13972.0,71,2,190.25,1
13973.0,287,1,264.7,0
13974.0,49,1,413.59000000000003,1
13975.0,31,7,2503.23,1
13976.0,207,1,357.98,0
13978.0,15,2,196.79000000000002,1
13979.0,73,1,869.87,1
13980.0,60,1,200.14,1
13982.0,39,5,1861.11,1
13983.0,30,13,2590.46,1
13984.0,27,6,488.03,1
13985.0,4,16,7024.53,1
13986.0,17,1,320.46,1
13988.0,20,9,4098.8,1
13989.0,66,2,1266.08,1
13990.0,213,1,311.3,0
13991.0,12,7,850.63,1
13992.0,30,1,76.8,1
13993.0,32,12,3409.66,1
13994.0,4,6,2313.14,1
13995.0,15,6,1383.49,1
13999.0,10,15,3865.26,1
14000.0,206,2,633.71,0
14001.0,46,4,2030.3300000000002,1
14002.0,134,2,529.73,1
14004.0,43,7,4582.64,1
14005.0,10,5,2874.72,1
14006.0,116,3,962.19,1
14009.0,198,3,685.9300000000001,0
14012.0,278,1,328.8,0
14013.0,110,3,473.02,1
14014.0,77,1,505.18,1
14015.0,53,1,917.34,1
14019.0,47,4,1398.96,1
14020.0,17,2,642.8,1
14021.0,155,3,631.9,0
14022.0,225,1,440.0,0
14023.0,7,2,584.07,1
14024.0,122,2,327.7,1
14027.0,61,1,104.82,1
14029.0,63,2,467.66,1
14030.0,18,8,2360.09,1
14031.0,7,23,14634.640000000001,1
14032.0,2,18,2929.84,1
14034.0,22,4,512.02,1
14035.0,29,5,1428.02,1
14036.0,285,1,626.65,0
14037.0,176,2,147.20000000000002,0
14038.0,78,4,1554.48,1
14039.0,33,1,152.2,1
14040.0,41,15,3542.19,1
14041.0,266,1,141.41,0
14044.0,27,4,652.82,1
14045.0,109,4,1659.75,1
14046.0,284,1,154.99,0
14047.0,9,7,1290.01,1
14048.0,277,2,375.13,0
14049.0,17,6,5639.15,1
14050.0,32,2,746.36,1
14051.0,1,26,15477.34,1
14052.0,20,1,225.36,1
14053.0,124,2,260.25,1
14054.0,65,1,92.46,1
14055.0,106,1,725.6400000000001,1
14056.0,1,29,8124.4,1
14057.0,24,18,6147.4,1
14059.0,267,1,183.6,0
14060.0,5,20,6135.38,1
14062.0,10,12,10464.85,1
14064.0,29,7,1188.32,1
14066.0,267,1,152.55,0
14067.0,64,2,374.7,1
14068.0,320,1,265.85,0
14071.0,4,9,1307.41,1
14073.0,21,2,139.54,1
14075.0,5,3,942.26,1
14076.0,129,1,122.47,1
14077.0,41,5,499.41999999999996,1
14078.0,102,6,1049.37,1
14079.0,125,1,375.1,1
14080.0,33,1,45.599999999999994,1
14081.0,267,4,904.67,0
14082.0,365,1,182.25,0
14083.0,4,9,1018.43,1
14085.0,2,19,4435.79,1
14087.0,3,2,181.67,1
14088.0,10,14,50415.49,3
14089.0,57,1,161.0,1
14090.0,325,1,76.32000000000001,0
14092.0,8,17,4063.1,1
14093.0,12,1,442.85,1
14096.0,4,34,57120.909999999996,3
14098.0,37,1,147.35,1
14099.0,16,12,3092.9700000000003,1
14100.0,138,1,194.9,0
14101.0,74,6,5976.79,1
14102.0,5,8,1314.73,1
14104.0,154,2,216.20999999999998,0
14105.0,85,2,1260.33,1
14107.0,52,8,2688.48,1
14108.0,31,3,594.16,1
14109.0,23,2,80.2,1
14110.0,4,13,5669.65,1
14111.0,14,5,688.6,1
14112.0,23,12,2774.17,1
14113.0,4,8,1377.92,1
14114.0,274,2,386.53,0
14116.0,20,5,1382.74,1
14117.0,144,1,90.0,0
14119.0,354,1,-19.9,0
14121.0,4,6,2740.3,1
14124.0,84,1,419.58000000000004,1
14125.0,11,3,2740.43,1
14126.0,8,4,643.6300000000001,1
14127.0,123,3,709.71,1
14128.0,61,2,637.5,1
14129.0,2,5,1123.8600000000001,1
14130.0,319,1,483.86,0
14132.0,2,12,3580.13,1
14133.0,130,5,590.3399999999999,1
14135.0,2,15,4690.31,1
14138.0,2,2,982.3800000000001,1
14139.0,46,1,415.82,1
14140.0,4,3,920.05,1
14141.0,3,6,879.0300000000001,1
14142.0,373,1,311.81,0
14143.0,134,1,115.8,0
14145.0,47,5,3148.2,1
14146.0,9,6,2949.57,1
14147.0,49,3,468.4,1
14148.0,234,1,157.2,0
14149.0,213,3,259.43,0
14150.0,36,2,658.64,1
14152.0,75,3,611.09,1
14154.0,239,2,1345.62,0
14155.0,266,1,118.75,0
14157.0,20,3,400.43,1
14158.0,40,1,507.66,1
14159.0,20,14,4678.3,1
14161.0,216,3,1110.52,0
14162.0,174,2,289.36,0
14163.0,87,4,2445.91,1
14164.0,71,2,1631.77,1
14165.0,276,1,122.53999999999999,0
14167.0,39,4,574.84,1
14171.0,98,1,363.79,1
14173.0,11,4,450.84,1
14174.0,33,1,134.46,1
14175.0,51,7,3108.06,1
14176.0,297,5,574.0,0
14177.0,85,5,554.46,1
14178.0,9,7,1620.93,1
14179.0,41,2,719.78,1
14180.0,11,31,4640.77,1
14184.0,67,1,452.89,1
14185.0,331,1,197.65,0
14188.0,9,10,2018.91,1
14189.0,2,24,4604.31,1
14191.0,2,14,4660.01,1
14193.0,68,2,853.39,1
14194.0,5,32,11216.75,1
14195.0,202,3,962.7,0
14196.0,107,1,335.52,1
14198.0,4,7,663.5,1
14199.0,218,1,185.39999999999998,0
14201.0,60,9,688.04,1
14204.0,2,1,161.03,1
14205.0,11,4,218.78,1
14206.0,239,2,308.26,0
14208.0,95,1,151.74,1
14209.0,11,7,2067.13,1
14210.0,91,7,1900.89,1
14211.0,53,13,2208.3,1
14212.0,90,1,1070.48,1
14213.0,372,1,-1192.2,0
14214.0,31,7,1000.23,1
14215.0,12,7,1777.92,1
14216.0,3,4,1839.3,1
14217.0,2,24,1925.3600000000001,1
14218.0,43,1,169.48000000000002,1
14219.0,4,1,89.94,1
14220.0,247,2,632.4,0
14221.0,42,10,3427.85,1
14222.0,177,1,683.17,0
14223.0,92,4,975.23,1
14224.0,110,4,1050.12,1
14226.0,29,7,2201.64,1
14227.0,26,15,3315.71,1
14229.0,52,5,1450.6,1
14231.0,179,5,822.0600000000001,0
14232.0,32,8,2043.93,1
14233.0,44,5,1447.51,1
14234.0,22,4,775.46,1
14235.0,10,6,3093.86,1
14236.0,81,2,490.86,1
14237.0,373,1,161.0,0
14238.0,326,1,146.85,0
14239.0,43,13,2323.5,1
14240.0,30,2,890.34,1
14241.0,184,1,213.70000000000002,0
14242.0,235,2,280.55,0
14243.0,9,14,2535.88,1
14245.0,176,5,1677.48,0
14246.0,111,3,1474.06,1
14247.0,278,1,136.76999999999998,0
14248.0,318,1,302.58,0
14250.0,7,3,1904.05,1
14251.0,2,5,2879.7000000000003,1
14256.0,254,3,935.0600000000001,0
14257.0,51,6,3087.27,1
14258.0,9,10,12650.08,1
14259.0,142,1,120.0,0
14261.0,51,2,1163.45,1
14262.0,8,8,2618.23,1
14264.0,155,3,319.47,0
14267.0,151,7,1279.09,0
14270.0,332,1,492.65000000000003,0
14271.0,226,1,112.32,0
14272.0,74,2,437.96,1
14273.0,51,4,559.97,1
14276.0,88,5,1019.39,1
14280.0,197,1,134.04,0
14282.0,3,15,3729.34,1
14284.0,31,3,578.45,1
14285.0,21,4,1910.01,1
14286.0,24,5,4595.81,1
14287.0,8,4,151.23000000000002,1
14288.0,212,2,413.85,0
14289.0,9,6,911.26,1
14290.0,11,6,2307.4500000000003,1
14291.0,2,12,3873.3,1
14292.0,8,14,4819.33,1
14293.0,3,4,1046.56,1
14295.0,40,2,154.70000000000002,1
14297.0,18,6,1284.06,1
14298.0,3,45,50862.44,3
14299.0,8,18,2855.35,1
14300.0,19,1,43.2,1
14301.0,108,2,632.04,1
14304.0,223,2,197.1,0
14305.0,71,5,1803.76,1
14306.0,51,3,2083.42,1
14307.0,89,6,2995.72,1
14309.0,8,10,2319.68,1
14311.0,225,2,229.71,0
14312.0,47,6,1611.59,1
14314.0,107,1,120.0,1
14315.0,21,7,2456.98,1
14317.0,65,1,508.58000000000004,1
14320.0,207,3,343.11,0
14321.0,11,5,1530.75,1
14323.0,115,4,574.26,1
14326.0,235,2,166.85,0
14327.0,163,1,311.65,0
14329.0,9,14,4928.74,1
14331.0,124,2,462.65999999999997,1
14332.0,23,3,866.31,1
14333.0,64,2,351.45,1
14334.0,17,9,2539.46,1
14336.0,17,4,1614.91,1
14338.0,158,4,554.22,0
14339.0,235,4,289.90999999999997,0
14340.0,219,1,134.7,0
14341.0,45,9,2166.38,1
14342.0,21,6,607.71,1
14344.0,127,8,889.9300000000001,1
14345.0,39,1,108.97999999999999,1
14346.0,121,2,1021.58,1
14348.0,260,1,409.57,0
14349.0,10,1,133.5,1
14350.0,271,2,258.7,0
14351.0,165,1,51.0,0
14352.0,157,4,1078.96,0
14353.0,215,1,90.6,0
14354.0,6,2,163.62,1
14355.0,366,1,174.4,0
14356.0,60,4,666.9399999999999,1
14357.0,43,1,225.77,1
14359.0,19,6,882.58,1
14360.0,32,4,2128.23,1
14362.0,22,1,161.2,1
14364.0,109,8,3717.35,1
14367.0,8,19,9167.82,1
14368.0,320,1,155.0,0
14371.0,295,1,100.5,0
14373.0,358,1,76.55,0
14375.0,185,1,257.68,0
14377.0,191,2,617.05,0
14379.0,44,2,348.1,1
14381.0,52,1,202.68,1
14382.0,26,1,626.0699999999999,1
14383.0,38,3,1247.69,1
14385.0,9,3,202.11,1
14386.0,297,1,142.4,0
14387.0,33,3,1770.56,1
14388.0,9,10,3172.04,1
14389.0,9,5,999.72,1
14390.0,10,13,4592.47,1
14393.0,218,1,67.95,0
14395.0,2,12,3471.91,1
14396.0,65,2,487.99,1
14397.0,1,23,2556.68,1
14400.0,141,2,559.7,0
14401.0,4,14,4039.98,1
14403.0,130,5,1426.31,1
14404.0,34,7,1434.72,1
14406.0,119,1,156.75,1
14407.0,107,9,2111.08,1
14408.0,11,7,2606.53,1
14409.0,71,7,1908.25,1
14410.0,16,15,576.3,1
14411.0,311,1,1063.0,0
14412.0,35,3,761.3299999999999,1
14413.0,362,1,122.7,0
14414.0,92,8,1485.1299999999999,1
14415.0,1,18,5811.56,1
14416.0,22,2,490.22,1
14418.0,4,3,1937.25,1
14419.0,11,6,1058.06,1
14420.0,85,2,385.87,1
14421.0,57,2,813.11,1
14422.0,1,6,4263.64,1
14423.0,218,1,265.2,0
14424.0,18,1,322.08,1
14426.0,19,16,3918.9,1
14427.0,50,2,363.34000000000003,1
14428.0,7,7,1230.14,1
14431.0,299,2,397.76,0
14432.0,10,6,2255.51,1
14434.0,22,6,1372.8,1
14436.0,99,1,89.06,1
14437.0,143,2,-43.400000000000006,0
14438.0,306,1,131.9,0
14440.0,8,5,2357.6800000000003,1
14441.0,1,10,1545.14,1
14443.0,54,7,1400.88,1
14446.0,1,4,1039.58,1
14447.0,19,5,1163.23,1
14448.0,9,2,375.35,1
14449.0,19,4,907.1,1
14450.0,181,3,483.25,0
14451.0,60,2,662.59,1
14452.0,11,2,264.44,1
14453.0,190,1,119.93,0
14456.0,5,14,3047.63,1
14457.0,311,1,113.64,0
14459.0,155,1,1837.92,0
14460.0,110,4,383.34,1
14461.0,148,3,2103.06,0
14462.0,64,15,1965.9,1
14463.0,98,3,529.62,1
14465.0,247,3,1058.6200000000001,0
14466.0,29,7,2272.4,1
14467.0,18,4,598.76,1
14470.0,12,2,461.19,1
14472.0,104,8,1936.84,1
14473.0,74,2,234.34000000000003,1
14474.0,43,2,537.71,1
14475.0,72,6,799.82,1
14476.0,257,1,215.7,0
14477.0,20,5,1307.81,1
14479.0,254,2,316.25,0
14480.0,11,1,279.05,1
14481.0,165,2,636.51,0
14482.0,18,6,2068.15,1
14483.0,150,2,129.2,0
14484.0,50,1,321.92,1
14485.0,39,1,165.75,1
14487.0,27,7,1183.58,1
14488.0,51,2,1047.43,1
14489.0,207,1,463.38,0
14491.0,175,2,340.93,0
14493.0,7,7,2362.84,1
14494.0,26,1,139.56,1
14495.0,51,2,123.8,1
14496.0,312,2,538.8100000000001,0
14497.0,301,2,457.47,0
14498.0,43,5,1957.32,1
14499.0,26,3,815.32,1
14500.0,88,3,356.85,1
14501.0,64,3,190.31,1
14502.0,20,14,2351.02,1
14503.0,3,6,3543.26,1
14504.0,47,4,673.26,1
14505.0,17,11,5818.7,1
14506.0,17,5,2012.17,1
14507.0,24,7,1368.18,1
14508.0,22,2,276.42,1
14511.0,11,6,1267.4099999999999,1
14512.0,188,2,275.28,0
14513.0,101,4,438.49,1
14514.0,61,3,1055.35,1
14515.0,18,6,2102.09,1
14517.0,33,2,330.45,1
14518.0,64,1,174.37,1
14520.0,2,2,270.6,1
14522.0,24,4,974.54,1
14523.0,108,1,241.09,1
14524.0,32,9,1867.68,1
14525.0,9,13,4221.37,1
14527.0,3,86,7711.38,1
14528.0,37,1,364.21999999999997,1
14529.0,60,3,620.04,1
14530.0,26,6,2925.91,1
14532.0,236,4,932.85,0
14533.0,25,9,1812.6200000000001,1
14534.0,3,25,4075.35,1
14535.0,59,4,2841.09,1
14536.0,260,1,171.8,0
14537.0,58,1,355.56,1
14538.0,65,2,388.25,1
14539.0,16,2,537.48,1
14540.0,10,3,996.26,1
14541.0,59,8,1461.65,1
14542.0,186,1,103.25,0
14543.0,4,21,2916.17,1
14544.0,24,2,2024.45,1
14546.0,4,9,2487.02,1
14547.0,4,9,3986.7400000000002,1
14548.0,151,2,652.8,0
14549.0,311,1,289.24,0
14550.0,11,2,765.62,1
14551.0,18,2,186.23,1
14552.0,152,1,165.07,0
14553.0,19,5,859.27,1
14554.0,10,4,2381.04,1
14555.0,57,2,324.14,1
14557.0,64,2,0.0,1
14560.0,7,24,2174.18,1
14561.0,76,3,1080.76,1
14562.0,4,22,4709.22,1
14565.0,96,6,3073.77,1
14567.0,35,3,1524.46,1
14569.0,1,1,227.39,1
14570.0,281,2,218.06,0
14572.0,3,10,2803.69,1
14573.0,180,13,1603.72,0
14576.0,372,1,35.400000000000006,0
14577.0,13,4,859.71,1
14578.0,3,1,168.63,1
14581.0,17,1,138.6,1
14582.0,41,1,114.11,1
14583.0,6,5,1052.55,1
14584.0,169,5,1029.26,0
14585.0,50,1,157.05,1
14586.0,227,3,134.16,0
14587.0,19,10,1598.24,1
14589.0,372,1,39.75,0
14591.0,15,4,1447.14,1
14592.0,35,3,570.46,1
14593.0,22,3,617.99,1
14594.0,7,2,379.83,1
14595.0,20,6,1740.6,1
14597.0,11,2,883.15,1
14598.0,44,1,221.97,1
14600.0,306,1,393.33000000000004,0
14601.0,11,1,213.96,1
14603.0,275,1,660.0,0
14606.0,1,128,11713.85,2
14607.0,16,17,11341.1,1
14608.0,4,4,1785.15,1
14609.0,72,4,601.56,1
14616.0,243,3,406.08000000000004,0
14618.0,9,4,538.59,1
14619.0,239,2,379.51,0
14620.0,204,3,393.28000000000003,0
14621.0,1,6,1765.76,1
14622.0,185,1,320.58000000000004,0
14623.0,32,6,869.35,1
14624.0,57,2,225.85,1
14625.0,185,5,848.48,0
14626.0,9,7,2757.07,1
14627.0,312,1,-21.85,0
14628.0,91,2,671.96,1
14629.0,4,3,939.21,1
14631.0,51,3,1006.98,1
14632.0,263,1,114.56,0
14633.0,266,1,344.90000000000003,0
14636.0,36,2,609.85,1
14638.0,51,1,443.6,1
14639.0,52,8,2952.34,1
14640.0,16,8,2042.15,1
14641.0,22,1,110.46,1
14642.0,59,1,96.12,1
14643.0,170,3,668.61,0
14644.0,9,4,780.46,1
14645.0,157,2,597.09,0
14647.0,201,1,243.22,0
14649.0,5,4,1417.29,1
14651.0,67,2,654.6,1
14652.0,77,1,114.18,1
14653.0,1,7,1947.55,1
14655.0,4,5,1930.15,1
14656.0,169,2,291.05,0
14657.0,18,5,838.27,1
14658.0,5,2,247.15,1
14659.0,9,12,2456.53,1
14660.0,87,2,285.74,1
14661.0,27,1,107.95,1
14662.0,29,4,771.17,1
14664.0,20,2,637.89,1
14665.0,61,7,1258.38,1
14666.0,24,1,195.25,1
14667.0,11,27,9231.2,1
14669.0,242,3,1269.99,0
14670.0,280,2,411.53,0
14672.0,235,2,765.55,0
14673.0,3,5,1736.4,1
14675.0,16,1,604.75,1
14676.0,31,8,2543.2400000000002,1
14679.0,372,1,-2.55,0
14680.0,25,23,26932.34,1
14681.0,71,3,498.95,1
14682.0,188,2,52.0,0
14684.0,26,5,1236.28,1
14687.0,107,1,628.38,1
14688.0,8,27,5107.38,1
14689.0,209,1,112.8,0
14690.0,44,3,358.61,1
14691.0,31,5,2114.33,1
14692.0,137,5,582.05,1
14693.0,264,1,172.9,0
14696.0,4,9,2070.97,1
14697.0,218,2,188.60999999999999,0
14698.0,2,5,1250.76,1
14699.0,214,1,109.13000000000001,0
14700.0,32,3,2235.3,1
14701.0,11,12,2486.2200000000003,1
14702.0,1,18,3250.64,1
14703.0,15,1,318.17,1
14704.0,11,9,1546.91,1
14705.0,199,1,179.0,0
14708.0,3,4,1096.67,1
14709.0,15,14,4911.14,1
14710.0,14,4,606.13,1
14711.0,10,12,2838.2,1
14712.0,29,3,917.07,1
14713.0,9,12,2664.2599999999998,1
14714.0,24,1,160.19,1
14715.0,25,4,867.38,1
14716.0,43,2,329.68,1
14719.0,2,6,1592.18,1
14720.0,6,3,663.81,1
14722.0,147,1,187.92000000000002,0
14723.0,10,6,1158.3,1
14725.0,25,1,718.08,1
14727.0,274,1,268.58,0
14729.0,374,1,313.49,0
14730.0,1,8,2005.06,1
14731.0,47,3,380.02,1
14732.0,8,10,2686.34,1
14733.0,9,15,9451.54,1
14735.0,4,34,5807.6900000000005,1
14737.0,4,3,1164.55,1
14738.0,39,9,1289.94,1
14739.0,2,8,3899.1,1
14740.0,191,4,1423.21,0
14741.0,12,6,1400.34,1
14744.0,16,9,1088.53,1
14745.0,113,6,1167.16,1
14747.0,248,2,294.3,0
14748.0,29,6,1311.79,1
14752.0,44,1,389.64,1
14753.0,87,1,563.15,1
14754.0,45,2,638.05,1
14755.0,10,12,4965.38,1
14756.0,15,1,738.96,1
14757.0,75,1,420.5,1
14758.0,145,4,1484.06,0
14759.0,5,3,1625.97,1
14760.0,294,2,53.8,0
14761.0,59,2,255.9,1
14762.0,264,1,300.52,0
14764.0,44,2,250.55,1
14765.0,29,3,254.11,1
14766.0,8,8,2423.07,1
14768.0,17,3,139.5,1
14769.0,3,10,10641.6,1
14770.0,232,2,876.42,0
14772.0,112,1,139.26,1
14775.0,58,3,1011.9,1
14776.0,51,13,2195.58,1
14777.0,4,2,-17.45,1
14778.0,127,2,730.86,1
14779.0,281,3,386.15,0
14780.0,55,2,447.68,1
14782.0,320,1,200.10000000000002,0
14784.0,26,2,289.99,1
14785.0,10,2,77.4,1
14788.0,7,2,679.4399999999999,1
14789.0,29,1,197.64,1
14790.0,17,4,745.06,1
14792.0,64,2,0.0,1
14793.0,4,2,214.14,1
14794.0,3,9,1272.11,1
14795.0,166,1,131.45000000000002,0
14796.0,1,27,7839.51,1
14798.0,53,3,173.74,1
14799.0,51,1,157.7,1
14800.0,48,16,4236.34,1
14801.0,61,1,193.14,1
14803.0,162,3,845.55,0
14804.0,9,1,353.27,1
14805.0,15,4,554.65,1
14806.0,75,1,193.39000000000001,1
14808.0,40,15,2175.37,1
14810.0,41,11,2087.88,1
14813.0,370,2,155.43,0
14815.0,37,2,778.5,1
14816.0,197,1,271.85,0
14817.0,200,2,1110.34,0
14818.0,74,3,657.8,1
14819.0,64,2,272.07,1
14820.0,21,4,507.29,1
14821.0,367,1,48.800000000000004,0
14823.0,180,3,321.43,0
14824.0,10,4,1127.71,1
14825.0,4,12,2226.91,1
14828.0,197,3,2139.76,0
14829.0,29,6,644.65,1
14830.0,53,1,197.13,1
14834.0,18,8,1698.35,1
14836.0,10,3,102.44999999999999,1
14837.0,90,5,1641.2,1
14840.0,268,1,62.85,0
14841.0,53,6,3295.76,1
14842.0,35,8,2456.8,1
14844.0,64,4,3189.81,1
14847.0,149,1,309.4,0
14849.0,22,28,7904.28,1
14850.0,312,2,278.15,0
14851.0,23,2,511.35,1
14852.0,58,6,2836.69,1
14853.0,9,3,463.05,1
14854.0,78,8,2749.89,1
14855.0,119,2,645.65,1
14856.0,36,3,1311.3799999999999,1
14857.0,60,3,1165.65,1
14859.0,13,5,1352.04,1
14860.0,9,2,168.62,1
14861.0,52,1,125.79,1
14862.0,26,2,841.1999999999999,1
14863.0,29,1,266.76,1
14865.0,7,2,52.2,1
14866.0,11,13,14197.45,1
14867.0,186,4,701.33,0
14868.0,3,9,2939.64,1
14869.0,4,3,721.95,1
14870.0,262,1,327.25,0
14871.0,3,4,522.38,1
14873.0,210,1,519.68,0
14875.0,9,5,1448.72,1
14878.0,13,9,1485.54,1
14880.0,77,3,706.19,1
14881.0,20,1,255.4,1
14882.0,27,2,589.7,1
14883.0,19,7,756.64,1
14885.0,132,1,765.3199999999999,1
14886.0,253,1,364.8,0
14887.0,79,1,1862.0,1
14888.0,207,1,369.2,0
14889.0,336,1,135.9,0
14890.0,254,1,125.65,0
14891.0,148,2,554.38,0
14893.0,10,2,1237.8500000000001,1
14894.0,85,1,655.75,1
14895.0,8,24,11020.26,1
14896.0,205,2,468.77000000000004,0
14897.0,8,4,1366.38,1
14898.0,23,8,1228.32,1
14901.0,11,10,1414.99,1
14902.0,21,2,314.11,1
14903.0,21,10,2744.48,1
14904.0,2,2,1025.44,1
14905.0,154,3,599.9,0
14907.0,3,10,3478.85,1
14908.0,74,1,277.8,1
14910.0,3,7,389.86,1
14913.0,36,4,1227.43,1
14915.0,86,3,258.83,1
14916.0,71,5,1264.84,1
14918.0,116,2,1610.15,1
14920.0,213,2,977.77,0
14921.0,30,2,1316.07,1
14923.0,51,1,749.1,1
14924.0,246,1,310.05,0
14929.0,32,1,223.88,1
14944.0,30,14,5842.95,1
14946.0,14,1,100.9,1
14947.0,72,2,290.82,1
14948.0,23,7,1066.57,1
14950.0,9,2,361.25,1
14951.0,79,1,311.69,1
14952.0,46,15,7912.79,1
14953.0,25,1,289.82,1
14954.0,12,1,336.17,1
14957.0,253,1,58.49,0
14958.0,147,3,499.68,0
14959.0,59,5,684.97,1
14960.0,8,2,221.27,1
14961.0,11,12,7006.58,1
14962.0,271,1,126.7,0
14963.0,10,5,1487.8,1
14964.0,247,1,206.21,0
14965.0,96,2,599.0,1
14966.0,15,1,191.32,1
14967.0,50,1,463.8,1
14968.0,30,1,147.59,1
14970.0,68,4,1592.06,1
14971.0,35,3,1116.57,1
14972.0,128,1,114.77,1
14973.0,107,3,1314.45,1
14974.0,37,1,114.39,1
14975.0,57,1,279.94,1
14976.0,57,8,765.86,1
14978.0,72,5,1931.42,1
14981.0,246,1,102.12,0
14984.0,19,2,213.27,1
14985.0,198,2,296.75,0
14987.0,16,2,326.4,1
14988.0,212,1,334.54,0
14995.0,39,2,233.23000000000002,1
14997.0,46,4,540.98,1
14998.0,170,2,429.87,0
15000.0,48,1,490.52,1
15002.0,116,4,1641.76,1
15004.0,147,1,1246.32,0
15005.0,16,35,6180.49,1
15006.0,51,1,502.09,1
15007.0,159,1,156.91,0
15009.0,12,3,1261.78,1
15010.0,36,1,308.94,1
15012.0,54,2,423.04,1
15014.0,43,2,260.17,1
15016.0,173,1,170.04,0
15017.0,34,1,125.58,1
15018.0,39,4,456.26,1
15019.0,267,1,266.0,0
15021.0,9,13,1872.28,1
15022.0,12,4,905.04,1
15023.0,3,12,6763.16,1
15024.0,10,10,1661.33,1
15025.0,33,1,377.01,1
15026.0,80,3,469.0,1
15027.0,31,6,1051.95,1
15028.0,8,4,627.13,1
15030.0,72,2,518.28,1
15031.0,4,4,668.14,1
15032.0,256,5,4464.1,0
15033.0,5,11,2571.02,1
15034.0,16,11,4277.66,1
15035.0,90,1,252.73000000000002,1
15036.0,72,3,465.55,1
15038.0,43,7,665.59,1
15039.0,10,52,19786.44,1
15041.0,170,1,180.35,0
15042.0,199,1,135.93,0
15043.0,31,1,537.0,1
15044.0,19,22,7629.38,1
15045.0,152,3,633.66,0
15046.0,9,16,5064.01,1
15047.0,270,1,343.62,0
15048.0,65,5,380.57,1
15049.0,274,1,121.17000000000002,0
15050.0,25,5,1727.17,1
15051.0,23,3,1391.61,1
15052.0,319,1,215.78,0
15053.0,5,3,697.79,1
15054.0,12,2,302.1,1
15057.0,275,2,1489.5,0
15058.0,25,11,2124.9900000000002,1
15059.0,41,11,1325.82,1
15060.0,8,4,303.09,1
15061.0,4,55,54228.74,3
15062.0,71,4,987.86,1
15063.0,213,1,370.79999999999995,0
15065.0,38,6,3135.98,1
15066.0,32,2,760.59,1
15067.0,78,3,1744.76,1
15068.0,46,2,553.36,1
15069.0,179,1,1109.53,0
15070.0,373,1,106.2,0
15071.0,94,2,982.07,1
15073.0,10,4,612.43,1
15074.0,105,1,748.87,1
15075.0,78,1,773.03,1
15076.0,173,1,880.85,0
15078.0,7,38,9623.35,1
15079.0,213,5,893.66,0
15081.0,22,6,487.35,1
15083.0,257,1,88.2,0
15087.0,282,1,306.94,0
15088.0,21,3,1140.27,1
15089.0,10,6,2420.84,1
15090.0,308,1,381.32,0
15091.0,54,2,476.96,1
15092.0,215,2,457.81,0
15093.0,18,9,4410.14,1
15095.0,104,5,1364.7,1
15096.0,43,1,219.39000000000001,1
15097.0,4,1,248.08,1
15098.0,182,5,649.5,0
15099.0,84,1,410.48,1
15100.0,330,6,635.1,0
15101.0,9,3,310.03,1
15103.0,31,2,703.36,1
15104.0,167,3,1002.54,0
15105.0,18,7,2298.93,1
15106.0,18,7,1407.73,1
15107.0,311,8,247.66,0
15109.0,241,2,463.75,0
15110.0,24,7,970.25,1
15111.0,29,3,1567.48,1
15113.0,10,4,3439.41,1
15114.0,30,10,2760.56,1
15115.0,18,1,340.11,1
15116.0,18,4,1352.75,1
15117.0,15,6,1550.13,1
15118.0,134,1,244.8,1
15119.0,246,1,266.4,0
15120.0,130,2,343.82,1
15121.0,50,2,457.72,1
15122.0,85,6,1612.13,1
15123.0,7,2,2199.31,1
15124.0,23,2,184.19,1
15125.0,25,23,11117.05,1
15127.0,66,1,406.53,1
15128.0,60,8,1419.54,1
15129.0,50,11,3447.4,1
15130.0,170,1,330.11,0
15132.0,18,5,977.9300000000001,1
15133.0,128,3,982.42,1
15134.0,15,8,1387.99,1
15135.0,233,2,127.15,0
15136.0,3,5,1282.45,1
15139.0,240,2,178.96,0
15140.0,52,8,2350.0,1
15142.0,46,1,498.74,1
15143.0,226,1,259.45,0
15144.0,8,18,6530.04,1
15145.0,4,4,1194.73,1
15146.0,165,3,1313.66,0
15147.0,219,2,608.65,0
15148.0,11,1,301.29,1
15149.0,134,1,520.8000000000001,1
15150.0,17,11,5303.97,1
15152.0,10,16,4684.24,1
15153.0,31,1,329.25,1
15154.0,74,2,240.27,1
15156.0,1,3,961.49,1
15157.0,4,5,1869.5,1
15158.0,45,1,401.40000000000003,1
15159.0,2,34,18573.68,1
15160.0,357,1,158.16,0
15163.0,18,2,304.47,1
15164.0,69,3,843.05,1
15165.0,373,1,487.75,0
15167.0,321,1,163.0,0
15168.0,26,1,106.56,1
15171.0,325,2,1034.5,0
15172.0,9,5,1624.05,1
15174.0,323,1,135.75,0
15175.0,72,1,224.14,1
15178.0,260,1,40.5,0
15179.0,18,7,2186.2,1
15180.0,367,1,87.5,0
15181.0,66,5,680.28,1
15182.0,154,2,622.85,0
15184.0,29,2,406.76,1
15185.0,70,1,310.62,1
15186.0,14,2,411.41,1
15187.0,2,18,4670.08,1
15189.0,1,53,15802.14,1
15192.0,120,3,1044.32,1
15193.0,61,1,499.32,1
15194.0,3,22,7521.17,1
15195.0,3,1,3861.0,1
15197.0,9,5,656.44,1
15198.0,92,2,193.64,1
15199.0,59,4,1268.7,1
15201.0,79,11,927.84,1
15203.0,26,6,1827.8,1
15204.0,357,1,316.58,0
15205.0,85,3,648.8299999999999,1
15206.0,10,4,420.29999999999995,1
15208.0,1,6,867.62,1
15210.0,225,1,331.18,0
15211.0,60,2,894.4100000000001,1
15212.0,239,2,88.94999999999999,0
15213.0,319,3,325.05,0
15214.0,2,8,1661.44,1
15215.0,45,6,615.99,1
15216.0,88,1,96.6,1
15218.0,11,11,5756.89,1
15219.0,176,1,305.75,0
15220.0,52,7,1758.92,1
15221.0,366,2,114.1,0
15222.0,319,1,585.0,0
15223.0,226,3,454.90000000000003,0
15224.0,358,3,310.48,0
15225.0,234,1,409.40000000000003,0
15226.0,311,1,154.41,0
15227.0,37,5,1219.4,1
15228.0,66,5,3376.96,1
15230.0,239,2,429.6,0
15232.0,113,2,612.06,1
15234.0,277,1,197.0,0
15235.0,218,12,2247.51,0
15236.0,299,1,321.05,0
15237.0,2,4,1412.32,1
15238.0,29,5,1056.54,1
15239.0,10,3,764.34,1
15240.0,45,7,1685.57,1
15241.0,67,9,1738.59,1
15243.0,74,1,316.68,1
15244.0,65,2,631.57,1
15245.0,134,3,2515.84,1
15246.0,238,2,514.15,0
15247.0,122,1,356.0,1
15249.0,32,15,6657.36,1
15251.0,9,15,10327.11,1
15252.0,36,2,740.78,1
15253.0,16,6,915.3,1
15254.0,127,1,300.36,1
15255.0,67,1,890.85,1
15256.0,149,1,98.45,0
15257.0,281,2,232.14999999999998,0
15258.0,169,2,623.16,0
15260.0,100,8,1780.77,1
15261.0,135,1,254.82,0
15262.0,324,1,178.95000000000002,0
15263.0,107,1,156.51,1
15264.0,64,1,393.74,1
15265.0,151,2,1506.1200000000001,0
15266.0,338,1,119.3,0
15267.0,22,5,1717.36,1
15269.0,24,1,408.8,1
15270.0,16,9,2298.2,1
15271.0,7,16,2485.82,1
15272.0,57,2,721.94,1
15274.0,4,2,716.57,1
15275.0,31,2,609.19,1
15276.0,66,1,135.31,1
15277.0,47,1,255.89999999999998,1
15279.0,355,2,277.40999999999997,0
15280.0,172,1,113.12,0
15281.0,59,12,2239.9500000000003,1
15286.0,50,1,240.55,1
15287.0,22,3,485.24,1
15288.0,43,5,2306.52,1
15289.0,29,4,935.1,1
15290.0,5,21,7803.7699999999995,1
15291.0,26,20,4596.51,1
15292.0,201,1,180.94,0
15296.0,44,10,3610.31,1
15297.0,10,4,635.04,1
15298.0,2,14,3774.1,1
15299.0,67,11,3787.09,1
15300.0,64,1,496.44,1
15301.0,51,14,5028.12,1
15303.0,290,1,574.02,0
15304.0,61,10,680.3,1
15306.0,64,3,1174.35,1
15307.0,96,1,205.3,1
15308.0,271,2,302.27,0
15311.0,1,118,59419.340000000004,3
15312.0,75,5,921.1,1
15313.0,110,1,52.0,1
15314.0,199,1,327.97,0
15315.0,64,3,551.54,1
15316.0,327,1,165.0,0
15318.0,4,1,312.62,1
15319.0,284,1,204.5,0
15320.0,44,1,267.13,1
15321.0,49,4,2650.73,1
15322.0,64,2,602.97,1
15325.0,104,1,162.29,1
15326.0,334,1,311.71,0
15327.0,53,1,208.75,1
15329.0,35,5,1005.5,1
15330.0,32,2,714.96,1
15333.0,208,1,1028.56,0
15334.0,157,3,351.67,0
15335.0,53,1,173.97,1
15339.0,66,3,557.57,1
15341.0,81,1,2020.52,1
15342.0,116,2,391.76,1
15343.0,87,1,364.5,1
15344.0,1,5,476.58,1
15345.0,35,2,367.69,1
15346.0,333,1,252.42000000000002,0
15347.0,366,1,201.60000000000002,0
15348.0,72,1,158.04,1
15349.0,158,2,473.81,0
15350.0,373,1,115.65,0
15351.0,12,10,1862.14,1
15353.0,255,2,777.02,0
15355.0,29,2,277.05,1
15356.0,31,10,2766.5,1
15358.0,5,29,8234.8,1
15360.0,40,1,427.93,1
15361.0,362,1,418.92,0
15363.0,241,2,318.05,0
15364.0,96,2,913.19,1
15365.0,26,9,1330.45,1
15366.0,75,2,602.51,1
15367.0,57,5,1867.69,1
15368.0,21,1,446.94000000000005,1
15369.0,144,1,-1592.49,0
15370.0,41,8,2360.55,1
15372.0,137,1,2007.3999999999999,0
15373.0,8,13,2213.11,1
15374.0,129,1,168.0,1
15376.0,40,3,1233.3600000000001,1
15379.0,169,8,3631.8900000000003,0
15380.0,9,6,1682.3600000000001,1
15381.0,214,2,596.85,0
15382.0,15,8,5927.86,1
15384.0,170,3,635.76,0
15385.0,40,1,316.88,1
15386.0,186,1,394.14,0
15389.0,172,1,500.0,0
15392.0,5,5,1515.73,1
15393.0,16,2,231.86,1
15394.0,10,4,2183.54,1
15395.0,326,1,107.45,0
15396.0,113,1,288.18,1
15397.0,290,1,94.0,0
15398.0,16,3,1339.63,1
15399.0,1,3,815.77,1
15400.0,92,6,666.7,1
15402.0,149,2,626.77,0
15405.0,189,1,349.1,0
15406.0,18,4,426.61,1
15407.0,34,4,1056.44,1
15408.0,264,1,267.18,0
15410.0,84,8,3450.84,1
15411.0,26,5,1346.38,1
15412.0,171,1,190.53,0
15414.0,10,3,774.9000000000001,1
15415.0,313,1,572.8100000000001,0
15416.0,65,5,3974.37,1
15417.0,85,1,508.8,1
15419.0,25,1,135.86,1
15421.0,59,4,950.36,1
15422.0,323,2,97.7,0
15423.0,38,1,43.5,1
15424.0,254,2,383.34,0
15426.0,19,7,1429.9,1
15427.0,33,3,1483.14,1
15428.0,15,1,93.78,1
15429.0,27,3,364.90000000000003,1
15432.0,23,1,171.19,1
15433.0,79,3,417.87,1
15434.0,8,6,997.48,1
15435.0,22,1,149.29,1
15436.0,12,3,1122.53,1
15437.0,262,1,200.16,0
15438.0,131,1,156.57999999999998,1
15440.0,55,3,383.68,1
15442.0,249,1,594.0,0
15443.0,2,8,3212.16,1
15444.0,9,2,1418.26,1
15445.0,264,1,113.5,0
15447.0,331,1,155.17,0
15448.0,313,1,494.64,0
15449.0,26,5,971.22,1
15450.0,30,1,429.84,1
15452.0,30,3,538.73,1
15453.0,2,7,1388.37,1
15454.0,362,1,179.1,0
15456.0,283,3,447.22,0
15457.0,262,1,237.07,0
15458.0,25,1,161.64,1
15460.0,354,1,216.76,0
15462.0,94,3,234.6,1
15463.0,29,1,126.14,1
15464.0,338,1,1048.85,0
15465.0,20,24,6945.0199999999995,1
15466.0,85,1,334.53,1
15467.0,9,4,511.88,1
15468.0,35,5,438.46,1
15469.0,43,4,504.5,1
15471.0,2,1,469.48,1
15472.0,113,1,371.56,1
15473.0,14,10,1465.2,1
15475.0,77,1,454.10999999999996,1
15478.0,40,2,1441.42,1
15482.0,16,16,6568.72,1
15483.0,161,4,233.81,0
15484.0,1,5,3563.11,1
15485.0,30,3,2575.0,1
15488.0,93,1,91.32000000000001,1
15489.0,23,4,1090.03,1
15491.0,95,7,3090.85,1
15492.0,28,2,659.4599999999999,1
15493.0,33,7,1967.25,1
15494.0,21,2,1299.23,1
15497.0,18,3,1259.7,1
15498.0,1,35,12396.46,1
15500.0,8,4,1131.56,1
15502.0,16,23,5541.46,1
15503.0,363,1,147.09,0
15504.0,81,1,52.83,1
15505.0,53,7,3497.14,1
15506.0,23,3,979.26,1
15507.0,172,1,492.36,0
15508.0,189,6,1000.27,0
15510.0,331,1,250.0,0
15511.0,12,5,909.23,1
15512.0,156,2,121.0,0
15513.0,31,22,14520.08,1
15514.0,12,13,2963.19,1
15516.0,45,3,62.43,1
15517.0,233,1,267.03,0
15518.0,64,13,1911.89,1
15520.0,2,1,343.5,1
15521.0,36,13,2574.65,1
15522.0,33,2,398.84,1
15523.0,84,1,412.01000000000005,1
15524.0,25,1,440.0,1
15525.0,2,4,811.02,1
15526.0,33,2,148.44,1
15527.0,19,10,2348.82,1
15528.0,254,1,229.33,0
15529.0,23,12,3967.78,1
15530.0,22,4,1502.35,1
15531.0,8,2,2007.44,1
15532.0,25,6,1517.08,1
15533.0,19,5,746.92,1
15535.0,173,7,459.9,0
15537.0,163,1,110.92,0
15539.0,7,1,538.46,1
15540.0,11,1,213.3,1
15541.0,114,1,85.13000000000001,1
15543.0,288,1,127.86,0
15544.0,9,11,3542.51,1
15545.0,54,2,292.71999999999997,1
15547.0,7,14,4954.84,1
15549.0,77,4,1655.76,1
15550.0,4,4,575.63,1
15551.0,37,1,436.06,1
15552.0,217,1,90.12,0
15553.0,60,1,437.23,1
15554.0,278,1,217.2,0
15555.0,12,20,4758.2,1
15556.0,24,1,279.77,1
15557.0,29,1,473.65000000000003,1
15561.0,12,5,722.74,1
15562.0,352,1,134.55,0
15563.0,9,7,1319.69,1
15565.0,50,2,173.16,1
15567.0,19,1,186.01,1
15568.0,3,3,758.29,1
15569.0,104,5,1375.71,1
15570.0,7,13,4109.97,1
15571.0,12,4,650.4300000000001,1
15572.0,5,7,2552.86,1
15573.0,32,2,607.45,1
15574.0,178,4,702.25,0
15576.0,38,1,940.6700000000001,1
15577.0,151,3,258.88,0
15578.0,162,1,127.1,0
15579.0,69,2,348.6,1
15581.0,121,14,3429.9700000000003,1
15582.0,25,3,682.9100000000001,1
15584.0,24,5,722.61,1
15585.0,177,1,455.3,0
15587.0,50,4,913.6800000000001,1
15589.0,253,4,456.58,0
15590.0,289,1,-30.19,0
15592.0,47,1,388.58,1
15593.0,71,1,199.8,1
15594.0,16,6,1767.53,1
15596.0,101,9,1343.34,1
15597.0,30,2,315.71999999999997,1
15598.0,35,3,235.68,1
15599.0,27,2,761.74,1
15601.0,11,17,6745.36,1
15602.0,8,15,1083.63,1
15603.0,79,1,48.480000000000004,1
15604.0,52,1,216.39,1
15605.0,36,5,1198.23,1
15606.0,57,11,2422.64,1
15607.0,337,1,104.76,0
15608.0,28,4,1093.68,1
15609.0,183,2,270.03000000000003,0
15610.0,52,1,112.46000000000001,1
15611.0,10,15,1568.39,1
15612.0,36,2,195.15,1
15615.0,10,27,10360.04,1
15618.0,33,5,747.031,1
15619.0,11,1,336.40000000000003,1
15620.0,50,6,1524.4,1
15621.0,4,6,1158.77,1
15622.0,3,16,3224.53,1
15623.0,141,1,301.03,0
15624.0,117,4,588.13,1
15625.0,100,8,1504.56,1
15626.0,75,2,675.8,1
15628.0,5,10,2865.64,1
15630.0,45,3,1180.4,1
15632.0,16,10,3147.31,1
15634.0,17,1,243.55,1
15636.0,90,2,724.76,1
15637.0,53,1,223.36,1
15638.0,301,1,-94.0,0
15639.0,134,1,425.32,1
15640.0,4,17,12433.34,1
15641.0,105,4,1887.2,1
15643.0,179,6,647.4,0
15644.0,166,4,813.0,0
15645.0,19,1,612.01,1
15646.0,158,4,425.14000000000004,0
15648.0,204,4,599.9,0
15649.0,336,2,816.0,0
15651.0,37,3,646.3,1
15652.0,91,1,337.74,1
15653.0,93,2,877.4399999999999,1
15654.0,9,2,922.53,1
15655.0,233,2,511.32,0
15656.0,45,4,748.5,1
15657.0,23,1,30.0,1
15658.0,190,8,958.9,0
15659.0,44,1,306.45,1
15660.0,25,12,1552.01,1
15661.0,317,2,309.8,0
15663.0,106,1,138.14,1
15664.0,51,2,358.63,1
15665.0,168,2,2242.01,0
15667.0,40,1,301.32,1
15668.0,218,1,76.32000000000001,0
15669.0,40,5,677.69,1
15670.0,297,1,173.05,0
15671.0,19,10,2635.4900000000002,1
15673.0,88,4,2881.02,1
15674.0,73,8,1744.02,1
15675.0,81,3,323.69,1
15676.0,9,5,3324.09,1
15677.0,49,1,657.23,1
15678.0,53,1,352.7,1
15679.0,24,4,781.28,1
15680.0,9,3,1333.68,1
15681.0,18,6,946.36,1
15683.0,117,1,193.75,1
15687.0,9,11,2981.5,1
15689.0,120,2,254.1,1
15690.0,4,2,239.76,1
15691.0,252,1,136.8,0
15692.0,28,1,191.04,1
15694.0,1,15,6423.6,1
15695.0,267,2,409.98,0
15696.0,33,12,2644.46,1
15699.0,18,1,309.65,1
15700.0,172,3,664.03,0
15701.0,2,4,1542.14,1
15703.0,265,1,211.5,0
15704.0,140,4,2293.62,1
15705.0,201,1,143.1,0
15706.0,60,7,1001.8100000000001,1
15707.0,35,4,945.58,1
15708.0,41,11,3329.7200000000003,1
15709.0,284,1,133.25,0
15712.0,9,5,1072.3600000000001,1
15713.0,143,3,346.75,0
15714.0,12,2,330.88,1
15716.0,146,4,1118.81,0
15717.0,234,1,150.3,0
15719.0,33,14,5043.96,1
15720.0,24,1,598.73,1
15721.0,12,1,507.08,1
15722.0,36,6,2181.21,1
15723.0,365,1,203.1,0
15724.0,201,3,212.3,0
15725.0,15,1,415.25,1
15727.0,17,7,5178.96,1
15728.0,49,1,-134.8,1
15729.0,198,2,62.0,0
15730.0,66,4,1108.38,1
15732.0,212,2,294.12,0
15733.0,283,1,162.3,0
15734.0,115,2,1339.45,1
15737.0,15,12,1121.21,1
15738.0,19,19,4788.77,1
15739.0,66,1,449.12,1
15740.0,49,1,154.88,1
15743.0,16,4,784.46,1
15744.0,78,1,34.8,1
15745.0,9,6,1071.24,1
15746.0,134,2,182.96,1
15747.0,13,3,974.04,1
15748.0,40,1,149.31,1
15749.0,235,4,21535.9,0
15750.0,3,9,2451.23,1
15752.0,40,8,2628.93,1
15753.0,305,1,79.2,0
15754.0,51,4,455.67,1
15755.0,1,8,2318.88,1
15756.0,61,4,532.96,1
15757.0,66,2,714.42,1
15758.0,25,1,205.25,1
15759.0,218,3,253.04,0
15762.0,65,2,583.75,1
15763.0,32,3,1048.67,1
15764.0,81,10,3245.47,1
15766.0,64,1,315.06,1
15768.0,116,4,581.8299999999999,1
15769.0,7,29,51823.72,3
15773.0,6,1,635.6800000000001,1
15774.0,69,1,270.8,1
15775.0,245,1,104.9,0
15776.0,133,1,241.62,1
15777.0,241,5,1021.61,0
15780.0,184,3,475.28000000000003,0
15781.0,25,4,333.56,1
15782.0,10,4,2593.94,1
15783.0,11,1,246.3,1
15785.0,30,8,2303.75,1
15786.0,44,5,4834.2,1
15787.0,26,3,948.05,1
15789.0,358,1,351.3,0
15790.0,10,1,220.85,1
15791.0,44,3,1604.44,1
15793.0,9,4,948.96,1
15795.0,150,1,610.01,0
15796.0,1,10,2666.61,1
15797.0,113,4,2207.4,1
15799.0,76,3,884.14,1
15800.0,107,2,699.08,1
15801.0,46,4,1042.19,1
15802.0,143,3,-451.42,0
15803.0,51,1,415.82000000000005,1
15804.0,1,19,3848.55,1
15805.0,23,20,5452.17,1
15806.0,46,3,784.58,1
15807.0,50,3,903.9,1
15808.0,306,5,3724.77,0
15809.0,36,6,399.21,1
15810.0,79,7,1145.43,1
15811.0,17,9,2171.32,1
15812.0,107,5,1801.14,1
15813.0,208,2,1303.9099999999999,0
15814.0,3,6,1842.73,1
15815.0,64,5,2100.6,1
15819.0,49,4,1905.45,1
15820.0,320,1,206.98,0
15821.0,44,2,570.96,1
15822.0,3,2,885.47,1
15823.0,337,2,-840.76,0
15825.0,172,1,532.94,0
15826.0,51,4,1649.3600000000001,1
15827.0,73,20,1641.48,1
15829.0,99,2,636.14,1
15830.0,29,2,547.7,1
15831.0,58,4,747.76,1
15832.0,254,1,836.79,0
15834.0,70,6,2084.9,1
15835.0,44,4,954.09,1
15836.0,45,2,117.47,1
15837.0,65,1,391.98,1
15838.0,11,21,33350.76,1
15839.0,25,5,1020.74,1
15840.0,59,3,345.66,1
15841.0,64,6,1209.1,1
15843.0,304,1,118.95000000000002,0
15844.0,46,1,130.73999999999998,1
15845.0,18,10,3650.87,1
15847.0,38,2,389.27,1
15850.0,19,2,238.85,1
15852.0,187,2,160.71,0
15853.0,52,1,110.8,1
15854.0,4,12,2974.65,1
15855.0,137,5,712.24,1
15856.0,4,31,16173.67,1
15857.0,19,1,297.0,1
15858.0,16,5,1438.85,1
15860.0,41,8,977.21,1
15861.0,12,9,3000.36,1
15862.0,8,4,832.88,1
15863.0,26,2,68.84,1
15864.0,22,8,1769.7800000000002,1
15865.0,41,3,895.13,1
15866.0,101,1,230.53,1
15867.0,5,16,3797.79,1
15869.0,277,2,149.64,0
15870.0,33,1,354.09000000000003,1
15872.0,15,2,360.93,1
15874.0,63,9,4330.67,1
15877.0,2,3,440.78,1
15880.0,369,2,313.28000000000003,0
15881.0,312,8,438.24,0
15882.0,199,5,495.36,0
15883.0,2,2,396.48,1
15885.0,93,3,379.35,1
15886.0,60,1,181.09,1
15888.0,80,2,141.27,1
15889.0,157,2,446.87,0
15891.0,227,1,524.52,0
15894.0,253,2,263.55,0
15895.0,150,1,179.17,0
15897.0,194,2,222.05,0
15898.0,1,6,1384.68,1
15899.0,369,1,56.25,0
15900.0,24,1,351.11,1
15901.0,17,3,363.88,1
15903.0,10,8,5126.34,1
15904.0,8,1,164.68,1
15906.0,20,8,1521.79,1
15907.0,4,3,967.45,1
15909.0,174,1,191.94,0
15910.0,1,8,1232.18,1
15912.0,178,2,264.62,0
15916.0,16,10,1491.24,1
15917.0,248,1,123.1,0
15918.0,191,2,334.23,0
15919.0,20,2,639.89,1
15920.0,154,4,167.5,0
15921.0,173,1,336.03000000000003,0
15922.0,372,2,363.6,0
15923.0,373,1,127.08,0
15925.0,194,1,207.15,0
15930.0,67,1,426.63,1
15932.0,4,11,2461.85,1
15933.0,21,3,1107.46,1
15935.0,239,2,416.86,0
15937.0,64,1,145.35,1
15938.0,112,5,404.58,1
15939.0,90,16,6102.26,1
15940.0,311,2,31.799999999999997,0
15942.0,134,1,337.44,1
15944.0,277,1,325.1,0
15945.0,365,1,181.0,0
15947.0,83,1,1708.24,1
15948.0,8,2,955.24,1
15949.0,17,2,364.72,1
15950.0,2,5,1705.26,1
15951.0,1,3,669.57,1
15952.0,34,4,806.57,1
15953.0,15,10,1634.53,1
15955.0,24,16,4389.81,1
15957.0,32,1,428.89,1
15958.0,74,1,104.35,1
15963.0,20,2,470.76,1
15965.0,17,4,845.64,1
15967.0,23,2,418.83,1
15969.0,3,4,582.9,1
15970.0,304,1,314.1,0
15971.0,17,12,4199.85,1
15973.0,236,3,99.77000000000002,0
15974.0,39,8,3429.55,1
15975.0,84,1,371.01,1
15976.0,165,2,430.94,0
15977.0,17,2,1054.73,1
15978.0,77,1,1098.78,1
15980.0,89,3,2398.86,1
15981.0,25,8,3408.48,1
15983.0,22,4,1475.02,1
15984.0,3,11,2816.97,1
15985.0,123,3,1037.42,1
15986.0,30,1,168.12,1
15987.0,12,7,1451.28,1
15988.0,19,1,158.03,1
15990.0,44,2,792.11,1
15992.0,4,1,41.989999999999995,1
15993.0,9,10,2756.82,1
15994.0,55,1,427.07,1
15996.0,88,7,1044.78,1
15998.0,37,6,3084.17,1
16000.0,3,3,12393.7,1
16003.0,30,5,2735.37,1
16005.0,12,4,615.39,1
16006.0,211,1,101.4,0
16007.0,48,4,1701.94,1
16008.0,24,3,478.78,1
16009.0,22,4,992.71,1
16010.0,246,3,407.5,0
16011.0,8,16,3362.71,1
16012.0,35,3,1415.29,1
16013.0,4,54,33366.25,3
16014.0,36,4,653.13,1
16015.0,4,4,690.54,1
16016.0,3,10,1483.31,1
16017.0,47,1,211.88,1
16018.0,39,2,408.90000000000003,1
16019.0,2,10,3450.2400000000002,1
16020.0,17,3,851.01,1
16022.0,260,1,628.28,0
16023.0,46,3,719.81,1
16024.0,12,1,251.24,1
16025.0,30,1,439.65999999999997,1
16026.0,43,1,236.09,1
16027.0,92,7,852.12,1
16029.0,39,76,50992.61,3
16030.0,310,1,331.24,0
16031.0,92,2,548.94,1
16033.0,6,27,8727.61,1
16034.0,196,3,437.7,0
16036.0,87,2,758.92,1
16037.0,270,3,855.02,0
16038.0,8,4,454.33000000000004,1
16040.0,65,3,1313.55,1
16041.0,31,3,3166.4,1
16042.0,22,7,1147.37,1
16043.0,37,4,773.99,1
16045.0,120,4,1340.7,1
16048.0,86,3,243.69000000000003,1
16049.0,40,3,1111.79,1
16050.0,174,1,137.9,0
16052.0,54,1,362.06,1
16053.0,33,2,1511.95,1
16054.0,145,1,783.9,0
16055.0,221,1,134.8,0
16056.0,45,1,664.85,1
16057.0,4,10,2140.2200000000003,1
16059.0,66,6,1459.8600000000001,1
16061.0,269,1,-29.95,0
16062.0,10,4,1153.62,1
16063.0,260,1,335.32,0
16065.0,365,1,372.09,0
16066.0,17,5,1521.87,1
16070.0,22,2,852.15,1
16071.0,45,1,326.24,1
16072.0,288,1,584.3199999999999,0
16073.0,292,2,94.35,0
16076.0,3,11,2173.53,1
16078.0,284,1,79.2,0
16079.0,17,3,1352.0,1
16080.0,82,3,176.6,1
16081.0,56,5,2806.9,1
16083.0,101,2,1317.62,1
16084.0,299,1,436.18,0
16085.0,23,5,981.51,1
16086.0,59,6,1119.31,1
16091.0,155,2,315.06,0
16092.0,99,5,779.36,1
16093.0,107,1,17.0,1
16094.0,12,6,1041.83,1
16096.0,264,1,320.62,0
16097.0,240,1,185.04999999999998,0
16098.0,88,7,2005.63,1
16099.0,50,3,731.9,1
16101.0,9,3,1245.96,1
16102.0,42,3,1842.14,1
16103.0,7,6,1429.64,1
16104.0,62,1,302.36,1
16105.0,249,1,336.96,0
16106.0,66,1,108.38,1
16107.0,18,7,3204.1600000000003,1
16108.0,85,2,816.1,1
16109.0,219,2,611.88,0
16110.0,45,3,1337.48,1
16112.0,143,4,195.73999999999998,0
16113.0,183,1,161.38,0
16114.0,171,1,135.75000000000003,0
16115.0,10,8,1667.97,1
16116.0,206,2,592.88,0
16117.0,190,1,232.21,0
16119.0,8,2,423.36,1
16120.0,59,5,1294.14,1
16121.0,57,2,867.11,1
16122.0,73,4,684.4200000000001,1
16123.0,52,1,307.78,1
16124.0,316,2,187.15,0
16125.0,367,1,289.35,0
16126.0,29,4,6287.77,1
16127.0,39,1,656.25,1
16128.0,18,5,1880.22,1
16131.0,52,6,3506.54,1
16133.0,4,46,14305.66,1
16134.0,22,3,603.69,1
16135.0,263,1,517.55,0
16136.0,60,3,709.38,1
16138.0,368,1,-7.95,0
16139.0,19,3,635.41,1
16140.0,53,4,703.77,1
16141.0,88,1,620.4,1
16142.0,250,1,535.34,0
16143.0,3,7,2419.84,1
16144.0,247,1,175.2,0
16145.0,9,18,3741.98,1
16146.0,157,3,734.13,0
16147.0,134,1,375.0,1
16148.0,296,1,76.32000000000001,0
16149.0,5,2,280.52,1
16150.0,39,10,1906.07,1
16152.0,269,1,1829.04,0
16153.0,50,5,1824.23,1
16156.0,9,13,3024.62,1
16157.0,16,4,644.24,1
16159.0,282,1,348.2,0
16160.0,64,4,1009.4499999999999,1
16161.0,2,26,5352.97,1
16162.0,252,1,37.4,0
16163.0,225,3,441.59999999999997,0
16164.0,17,4,802.53,1
16168.0,11,28,3770.6,1
16169.0,8,4,1822.97,1
16170.0,51,7,1880.4199999999998,1
16171.0,59,1,73.2,1
16172.0,95,5,1140.21,1
16173.0,16,7,1406.57,1
16174.0,126,3,1009.5500000000001,1
16175.0,94,4,1037.59,1
16177.0,50,1,331.95,1
16178.0,138,1,197.9,0
16179.0,61,1,215.83,1
16180.0,100,10,10217.48,1
16181.0,73,1,305.54,1
16182.0,72,4,6617.65,1
16183.0,67,1,338.71000000000004,1
16184.0,64,7,1155.54,1
16185.0,17,2,529.41,1
16186.0,23,13,3991.94,1
16187.0,32,17,6841.24,1
16188.0,45,4,981.86,1
16189.0,16,2,215.48,1
16190.0,40,1,215.08,1
16191.0,3,25,4913.32,1
16193.0,237,1,314.45,0
16198.0,75,1,400.68100000000004,1
16200.0,4,2,1080.6200000000001,1
16201.0,3,5,1821.52,1
16202.0,361,1,365.27,0
16203.0,59,5,589.15,1
16204.0,23,1,405.71,1
16205.0,31,4,761.38,1
16206.0,55,4,537.0600000000001,1
16207.0,25,1,394.38,1
16208.0,45,2,664.26,1
16209.0,89,5,2262.62,1
16210.0,2,18,21086.3,1
16211.0,81,2,542.77,1
16212.0,19,3,681.19,1
16213.0,79,1,159.0,1
16214.0,171,3,1062.75,0
16215.0,81,1,242.35,1
16216.0,267,1,914.9300000000001,0
16217.0,235,4,259.39000000000004,0
16218.0,30,8,3054.87,1
16221.0,37,3,864.86,1
16222.0,318,1,846.72,0
16224.0,57,4,1295.3,1
16225.0,45,5,1096.32,1
16226.0,203,3,255.12,0
16227.0,219,2,308.32000000000005,0
16229.0,87,2,1010.6,1
16230.0,190,2,542.03,0
16232.0,33,5,983.23,1
16233.0,71,5,422.13,1
16235.0,41,6,858.41,1
16236.0,78,1,432.2,1
16239.0,57,3,372.9,1
16240.0,8,5,3693.81,1
16241.0,10,13,2607.87,1
16242.0,8,8,3598.26,1
16243.0,34,2,409.1,1
16244.0,212,2,1522.75,0
16245.0,24,5,1352.3600000000001,1
16247.0,170,1,114.56,0
16248.0,62,1,152.94,1
16249.0,53,5,1800.07,1
16250.0,261,2,389.44,0
16252.0,366,1,-295.09,0
16253.0,32,3,3665.62,1
16255.0,17,10,2609.3,1
16256.0,258,2,732.63,0
16257.0,177,1,46.95,0
16258.0,45,5,5203.51,1
16260.0,51,1,1035.45,1
16261.0,17,4,746.83,1
16262.0,361,1,-31.65,0
16265.0,9,11,5423.15,1
16266.0,74,7,861.89,1
16268.0,71,2,667.65,1
16270.0,353,1,1141.24,0
16271.0,3,6,1423.29,1
16272.0,117,1,411.7,1
16274.0,373,1,357.95,0
16275.0,197,1,559.87,0
16276.0,177,1,810.6000000000001,0
16278.0,23,3,537.83,1
16279.0,21,4,1496.68,1
16281.0,72,1,2062.06,1
16282.0,340,1,168.3,0
16283.0,6,7,1531.51,1
16284.0,31,2,823.97,1
16287.0,170,1,142.5,0
16292.0,117,2,280.9,1
16293.0,9,12,2236.7400000000002,1
16295.0,10,4,1328.55,1
16297.0,213,4,275.4,0
16298.0,23,3,598.2,1
16302.0,108,2,212.82,1
16303.0,26,4,5305.83,1
16305.0,139,1,361.21999999999997,0
16306.0,214,9,602.27,0
16308.0,38,4,2560.0,1
16309.0,92,3,686.67,1
16311.0,18,2,616.26,1
16313.0,3,2,274.15000000000003,1
16315.0,331,1,226.37,0
16316.0,64,12,2755.56,1
16317.0,120,3,1341.65,1
16318.0,35,1,328.15,1
16319.0,218,1,404.40000000000003,0
16322.0,1,2,326.75,1
16323.0,196,1,207.50000000000003,0
16324.0,128,3,428.68,1
16325.0,44,5,510.54,1
16326.0,6,15,3085.96,1
16327.0,14,6,3844.22,1
16330.0,18,4,242.21,1
16332.0,28,8,1583.2,1
16333.0,8,22,26626.8,1
16337.0,37,1,151.05,1
16338.0,157,1,214.79999999999998,0
16339.0,284,1,109.95,0
16340.0,107,1,549.07,1
16341.0,25,6,1959.38,1
16342.0,75,4,322.41,1
16343.0,16,2,370.47999999999996,1
16344.0,158,1,101.10000000000001,0
16345.0,44,1,575.41,1
16347.0,11,2,887.65,1
16348.0,32,7,1469.45,1
16349.0,291,1,53.5,0
16350.0,21,5,1100.47,1
16351.0,333,1,153.9,0
16352.0,18,2,494.44,1
16353.0,4,23,6675.71,1
16354.0,63,2,395.8,1
16356.0,198,4,210.32000000000002,0
16357.0,33,3,658.88,1
16358.0,1,5,2024.95,1
16359.0,7,12,1460.3700000000001,1
16360.0,5,8,3411.69,1
16361.0,10,4,896.66,1
16362.0,32,9,652.07,1
16363.0,53,1,109.36000000000001,1
16364.0,12,2,707.04,1
16365.0,18,9,1540.42,1
16366.0,19,1,327.3,1
16367.0,37,2,804.49,1
16368.0,2,2,497.43,1
16369.0,18,3,1553.66,1
16370.0,82,4,1320.56,1
16372.0,33,2,367.93,1
16374.0,66,2,473.03000000000003,1
16376.0,9,3,977.52,1
16377.0,267,1,676.2,0
16378.0,247,3,362.95,0
16379.0,4,5,2131.9,1
16380.0,61,1,1780.59,1
16383.0,75,2,668.36,1
16384.0,90,2,584.5,1
16385.0,60,3,555.89,1
16386.0,29,2,317.2,1
16387.0,323,1,94.36,0
16389.0,53,5,1362.27,1
16392.0,270,1,221.19,0
16393.0,2,20,2941.05,1
16394.0,50,9,1412.06,1
16395.0,60,5,1486.9,1
16398.0,145,4,1631.15,0
16399.0,19,2,408.57,1
16400.0,95,1,303.93,1
16401.0,1,20,4061.24,1
16402.0,265,2,299.6,0
16403.0,302,2,161.04999999999998,0
16404.0,70,1,443.05,1
16405.0,302,2,167.25,0
16406.0,19,1,163.07,1
16407.0,13,10,2126.93,1
16409.0,36,5,2028.88,1
16411.0,19,2,214.65,1
16412.0,54,1,151.83,1
16413.0,57,1,262.2,1
16414.0,22,2,126.25,1
16415.0,44,1,210.35,1
16416.0,26,4,1026.99,1
16418.0,45,3,675.27,1
16419.0,113,7,959.48,1
16422.0,17,75,33805.69,3
16423.0,25,1,346.12,1
16424.0,191,2,82.56,0
16425.0,302,1,302.7,0
16426.0,2,10,1908.25,1
16427.0,263,2,241.06,0
16428.0,81,1,-2.95,1
16429.0,106,1,284.55,1
16430.0,57,1,300.85,1
16431.0,213,3,642.81,0
16432.0,64,1,287.4,1
16433.0,28,1,184.26,1
16434.0,29,7,1522.25,1
16438.0,6,5,798.35,1
16440.0,8,5,3640.67,1
16441.0,67,2,381.2,1
16442.0,2,3,616.79,1
16444.0,46,5,638.77,1
16445.0,34,1,230.51,1
16446.0,1,3,2.8999999999941792,1
16447.0,136,1,259.01,0
16448.0,198,1,188.89000000000001,0
16449.0,191,3,674.69,0
16450.0,150,1,311.92,0
16451.0,88,1,266.97,1
16454.0,45,3,-8.15,1
16455.0,64,7,1841.18,1
16456.0,99,5,2158.37,1
16457.0,218,1,208.36,0
16458.0,3,18,3482.7400000000002,1
16460.0,28,3,814.72,1
16461.0,178,1,151.42,0
16462.0,64,4,102.0,1
16463.0,21,7,1383.7,1
16464.0,20,3,1314.68,1
16466.0,34,7,1603.46,1
16468.0,74,1,74.9,1
16469.0,24,4,650.43,1
16470.0,52,5,757.44,1
16471.0,275,1,223.95000000000002,0
16473.0,165,4,314.86,0
16474.0,7,11,1811.47,1
16475.0,88,4,544.3,1
16477.0,64,7,2494.46,1
16478.0,25,3,331.0,1
16479.0,10,2,300.83,1
16480.0,76,1,769.29,1
16482.0,16,1,220.62,1
16483.0,192,1,139.35,0
16484.0,174,3,379.4,0
16485.0,77,1,363.65,1
16488.0,33,4,492.2,1
16491.0,47,1,731.5,1
16493.0,73,6,1329.66,1
16494.0,297,1,826.53,0
16495.0,3,3,684.41,1
16496.0,9,4,1562.22,1
16497.0,50,6,2965.69,1
16498.0,161,3,86.12,0
16499.0,360,5,319.1,0
16500.0,5,6,400.86,1
16503.0,107,5,1421.43,1
16504.0,25,1,484.38,1
16505.0,32,1,777.6,1
16506.0,20,2,90.30000000000001,1
16509.0,297,1,363.7,0
16510.0,372,1,248.1,0
16511.0,22,3,950.26,1
16513.0,5,4,874.59,1
16515.0,52,5,1627.13,1
16516.0,30,1,101.69999999999999,1
16517.0,277,1,162.7,0
16518.0,61,3,480.92,1
16519.0,25,2,215.07999999999998,1
16520.0,186,4,1036.6200000000001,0
16523.0,2,28,9295.67,1
16525.0,2,29,11895.57,1
16526.0,172,1,290.36,0
16527.0,81,1,228.06,1
16528.0,4,1,244.41,1
16529.0,190,1,455.25,0
16531.0,22,7,1244.59,1
16532.0,18,3,6748.8,1
16533.0,19,5,1026.94,1
16535.0,5,1,593.75,1
16536.0,107,2,539.02,1
16539.0,3,4,1388.81,1
16542.0,54,1,119.62,1
16545.0,165,1,339.3,0
16546.0,291,3,-95.93,0
16549.0,10,10,4154.64,1
16550.0,109,9,2266.25,1
16551.0,96,3,922.12,1
16552.0,243,2,379.73,0
16553.0,163,14,5664.57,1
16554.0,3,7,641.55,1
16555.0,35,2,285.89,1
16556.0,67,7,3313.79,1
16557.0,24,2,281.85,1
16558.0,1,24,8257.04,1
16560.0,21,3,816.51,1
16561.0,6,2,511.12,1
16563.0,54,1,1077.74,1
16565.0,364,1,173.7,0
16566.0,15,6,614.01,1
16567.0,194,2,865.6,0
16569.0,3,1,124.2,1
16570.0,9,15,3622.95,1
16571.0,3,5,1285.22,1
16572.0,127,4,999.7,1
16573.0,74,4,648.41,1
16574.0,71,1,451.44,1
16579.0,365,1,-30.599999999999998,0
16581.0,155,2,70.44,0
16582.0,113,1,313.62,1
16583.0,374,1,233.45,0
16584.0,80,3,908.03,1
16586.0,249,1,463.95,0
16587.0,232,1,225.15,0
16589.0,71,3,459.24,1
16591.0,69,1,213.5,1
16592.0,4,19,4073.28,1
16593.0,51,3,330.03,1
16594.0,75,1,181.09,1
16595.0,61,1,360.16,1
16596.0,16,2,250.15,1
16597.0,4,1,90.04,1
16598.0,277,2,140.7,0
16600.0,4,6,813.52,1
16601.0,41,1,244.79999999999998,1
16602.0,31,2,494.72999999999996,1
16603.0,75,2,482.47,1
16607.0,18,16,3038.67,1
16609.0,15,9,5450.96,1
16610.0,219,1,75.66,0
16611.0,186,2,120.99000000000001,0
16612.0,33,4,1187.66,1
16613.0,70,1,618.59,1
16614.0,183,1,506.19,0
16616.0,15,2,500.42,1
16617.0,236,1,151.85,0
16618.0,31,6,2630.64,1
16619.0,254,2,204.41,0
16620.0,4,2,178.96,1
16621.0,52,4,813.48,1
16623.0,246,1,129.45,0
16624.0,81,2,810.5699999999999,1
16625.0,274,1,333.08,0
16626.0,1,20,4379.65,1
16627.0,79,1,322.8,1
16628.0,30,6,2183.04,1
16629.0,74,2,417.73,1
16633.0,17,7,2878.15,1
16634.0,223,2,217.9,0
16637.0,32,5,1124.59,1
16638.0,23,11,1676.47,1
16639.0,25,4,1169.38,1
16641.0,106,1,231.10000000000002,1
16642.0,5,3,679.83,1
16643.0,246,1,487.51,0
16644.0,178,2,833.78,0
16647.0,170,2,214.06,0
16648.0,39,2,270.85999999999996,1
16650.0,72,1,518.42,1
16652.0,54,11,6654.26,1
16653.0,16,3,1166.92,1
16654.0,141,5,594.97,1
16655.0,18,6,3794.52,1
16656.0,22,21,8568.24,1
16657.0,10,4,933.62,1
16658.0,368,1,123.24,0
16659.0,189,1,39.12,0
16660.0,16,5,810.4499999999999,1
16665.0,362,1,135.39999999999998,0
16666.0,19,1,118.98,1
16667.0,68,2,570.13,1
16668.0,15,6,306.71999999999997,1
16669.0,24,4,1370.8700000000001,1
16670.0,17,17,4022.46,1
16671.0,28,3,1692.27,1
16672.0,2,23,8093.59,1
16674.0,55,2,319.61,1
16676.0,34,5,1558.72,1
16678.0,3,17,3013.83,1
16679.0,366,1,129.75,0
16680.0,43,1,183.7,1
16681.0,73,6,1770.34,1
16682.0,5,5,1028.0,1
16684.0,4,31,65892.08,3
16685.0,61,2,324.24,1
16686.0,47,9,3043.48,1
16688.0,1,4,1260.86,1
16689.0,76,3,303.26,1
16690.0,44,3,208.63,1
16692.0,256,2,1276.0,0
16693.0,69,2,482.01,1
16696.0,135,4,657.9000000000001,1
16697.0,241,1,112.75,0
16698.0,227,2,1998.0,0
16700.0,9,17,5040.0,1
16701.0,9,18,5150.2699999999995,1
16705.0,1,29,13946.130000000001,1
16706.0,37,3,531.35,1
16708.0,46,1,656.63,1
16709.0,85,5,3029.87,1
16710.0,19,10,2483.04,1
16711.0,3,5,1651.03,1
16712.0,9,11,3645.43,1
16713.0,19,21,6840.2300000000005,1
16714.0,219,4,911.53,0
16715.0,78,1,301.71999999999997,1
16716.0,267,3,319.8000000000001,0
16717.0,9,9,3278.36,1
16718.0,369,1,623.75,0
16719.0,15,8,1773.92,1
16720.0,26,1,155.24,1
16721.0,262,1,292.47,0
16722.0,17,16,4711.21,1
16723.0,91,2,589.15,1
16725.0,302,8,775.07,0
16726.0,26,5,1382.02,1
16727.0,364,1,272.82,0
16728.0,46,4,1054.67,1
16729.0,36,26,7076.28,1
16730.0,52,4,702.79,1
16732.0,32,1,603.75,1
16734.0,52,3,650.51,1
16735.0,79,7,2269.21,1
16737.0,53,1,417.59999999999997,1
16738.0,298,1,3.75,0
16739.0,172,2,312.55,0
16742.0,47,2,0.0,1
16743.0,29,8,2191.84,1
16744.0,11,7,1304.76,1
16745.0,87,18,7170.7,1
16746.0,5,19,6694.31,1
16747.0,25,4,826.96,1
16748.0,18,5,1515.9,1
16750.0,45,5,623.93,1
16751.0,31,1,1764.72,1
16752.0,373,1,207.5,0
16753.0,58,1,223.92000000000002,1
16754.0,372,1,2002.4,0
16755.0,114,5,1484.63,1
16756.0,215,1,239.4,0
16757.0,319,1,106.83000000000001,0
16758.0,65,1,369.34000000000003,1
16759.0,8,4,772.84,1
16761.0,97,1,316.62,1
16762.0,20,3,1501.38,1
16763.0,185,2,594.9,0
16764.0,4,18,2758.25,1
16765.0,294,1,34.0,0
16766.0,273,2,1145.6,0
16767.0,31,11,5580.6,1
16768.0,48,5,458.04,1
16769.0,260,1,380.39,0
16770.0,58,6,744.9,1
16771.0,33,5,2246.81,1
16773.0,57,1,171.59,1
16774.0,68,5,654.92,1
16775.0,10,11,1695.66,1
16776.0,60,1,388.28,1
16777.0,80,2,226.35,1
16778.0,74,2,245.94,1
16779.0,2,28,10454.05,1
16780.0,100,2,425.19,1
16781.0,365,2,294.65,0
16782.0,10,19,2242.25,1
16784.0,20,1,107.6,1
16788.0,123,2,597.48,1
16789.0,8,1,80.8,1
16790.0,4,8,1520.1200000000001,1
16791.0,29,8,1706.28,1
16792.0,282,2,110.38000000000001,0
16793.0,57,1,243.84,1
16794.0,1,12,1201.51,1
16795.0,365,1,414.88,0
16796.0,89,1,305.62,1
16800.0,11,1,1201.49,1
16801.0,163,5,867.83,0
16803.0,65,1,332.3,1
16804.0,23,3,536.99,1
16805.0,174,2,460.59,0
16806.0,103,4,801.49,1
16807.0,143,3,1121.59,0
16808.0,99,2,288.42,1
16809.0,23,6,912.74,1
16810.0,192,2,275.64,0
16811.0,5,2,547.07,1
16812.0,361,1,479.35,0
16813.0,8,10,1692.98,1
16814.0,14,22,6500.6,1
16816.0,103,4,417.06,1
16817.0,3,13,1446.95,1
16818.0,11,13,3317.97,1
16820.0,96,1,497.61,1
16823.0,227,1,358.38,0
16824.0,16,2,460.64,1
16825.0,39,2,775.1800000000001,1
16826.0,51,1,341.7,1
16828.0,93,2,128.5,1
16829.0,157,1,197.22,0
16830.0,39,1,325.91,1
16832.0,184,3,199.15,0
16833.0,1,4,1106.53,1
16834.0,228,1,413.46,0
16835.0,128,2,180.85,1
16836.0,40,2,251.87,1
16837.0,31,12,3167.73,1
16838.0,197,3,582.9,0
16839.0,9,39,15357.78,1
16841.0,37,7,1774.62,1
16842.0,64,4,1260.44,1
16843.0,43,17,10183.82,1
16846.0,50,1,214.32,1
16847.0,43,1,193.44,1
16848.0,53,1,281.42,1
16849.0,187,1,124.57,0
16850.0,334,1,332.41,0
16851.0,4,3,342.45,1
16852.0,10,2,144.91000000000003,1
16855.0,24,2,328.4,1
16856.0,15,1,35.400000000000006,1
16858.0,366,2,345.89000000000004,0
16859.0,106,5,473.14,1
16861.0,60,3,151.65,1
16863.0,29,4,481.35,1
16866.0,141,3,207.73999999999998,0
16869.0,23,5,805.62,1
16871.0,22,7,2761.4900000000002,1
16872.0,77,3,680.02,1
16873.0,5,10,7066.31,1
16875.0,64,9,2023.47,1
16877.0,12,6,853.72,1
16878.0,25,2,0.0,1
16880.0,31,7,1519.08,1
16881.0,67,1,432.0,1
16882.0,67,3,705.12,1
16883.0,187,2,276.73,0
16884.0,38,2,429.84000000000003,1
16885.0,15,3,471.51,1
16887.0,35,1,194.88,1
16889.0,195,3,1578.67,0
16891.0,2,5,809.7,1
16892.0,1,7,496.84000000000003,1
16893.0,367,1,145.93,0
16895.0,65,1,219.14,1
16897.0,299,3,213.03,0
16898.0,26,4,444.46,1
16899.0,8,6,1281.56,1
16900.0,12,5,187.6900000000001,1
16902.0,116,1,1706.88,1
16903.0,29,1,373.24,1
16904.0,4,16,3754.27,1
16905.0,5,8,3085.48,1
16906.0,82,4,579.77,1
16907.0,29,5,981.65,1
16909.0,64,2,364.14,1
16910.0,4,8,1510.06,1
16912.0,23,14,2528.67,1
16913.0,290,1,113.44,0
16914.0,36,1,208.46,1
16915.0,9,6,621.6800000000001,1
16916.0,24,2,576.26,1
16917.0,277,1,391.52,0
16918.0,49,7,1043.34,1
16919.0,156,11,2596.45,1
16921.0,61,1,169.79,1
16923.0,12,26,6666.83,1
16924.0,21,4,739.5,1
16926.0,371,1,230.25,0
16927.0,116,3,543.05,1
16928.0,80,19,2781.5,1
16929.0,4,7,1295.39,1
16930.0,26,3,380.55,1
16931.0,5,21,4604.22,1
16932.0,53,1,161.94,1
16933.0,1,5,530.08,1
16934.0,55,2,950.9300000000001,1
16936.0,26,1,262.68,1
16938.0,9,5,1903.13,1
16940.0,52,3,3049.88,1
16942.0,13,10,1894.11,1
16943.0,212,3,816.73,0
16945.0,22,19,4345.5,1
16947.0,236,1,406.48,0
16948.0,139,3,435.02,1
16949.0,4,7,1161.27,1
16950.0,57,3,1178.56,1
16951.0,123,4,1262.75,1
16952.0,109,2,167.61,1
16953.0,30,1,20.8,1
16954.0,1,9,2085.08,1
16955.0,185,5,493.67,0
16956.0,9,2,292.34,1
16957.0,239,2,416.64,0
16959.0,87,1,117.35000000000001,1
16960.0,39,3,507.05,1
16961.0,116,1,234.17,1
16963.0,187,1,110.55000000000001,0
16965.0,227,1,201.19,0
16966.0,8,10,2148.47,1
16967.0,189,1,319.02,0
16968.0,4,2,439.43,1
16969.0,39,3,650.41,1
16971.0,3,2,232.20999999999998,1
16976.0,267,1,251.51999999999998,0
16978.0,77,1,344.33,1
16979.0,4,8,1809.05,1
16980.0,255,2,1078.96,0
16982.0,61,1,384.06,1
16983.0,13,8,1920.2,1
16984.0,78,5,4392.42,1
16985.0,17,11,5461.62,1
16986.0,30,2,1873.2,1
16987.0,3,7,1625.05,1
16988.0,5,1,126.12,1
16989.0,7,6,1133.25,1
16990.0,219,1,179.0,0
16992.0,11,6,1601.8600000000001,1
16995.0,372,1,-1.25,0
16996.0,30,9,1427.46,1
16997.0,288,3,702.0,0
16998.0,150,6,287.02000000000004,0
16999.0,23,2,484.82,1
17001.0,1,11,3989.57,1
17002.0,73,4,1487.78,1
17004.0,46,2,1412.94,1
17006.0,5,4,781.78,1
17007.0,51,7,877.4300000000001,1
17010.0,17,2,185.46,1
17011.0,30,1,270.9,1
17014.0,8,4,565.58,1
17015.0,29,3,1842.56,1
17017.0,3,27,8574.11,1
17018.0,41,2,920.1,1
17019.0,11,4,1272.61,1
17022.0,31,1,71.0,1
17024.0,45,3,95.85,1
17025.0,61,3,357.77,1
17026.0,185,2,154.82999999999998,0
17027.0,79,7,848.59,1
17029.0,111,2,716.0,1
17030.0,64,1,146.87,1
17031.0,12,2,380.35,1
17033.0,86,3,1030.14,1
17034.0,16,4,734.5699999999999,1
17035.0,246,3,388.33,0
17037.0,78,2,1253.22,1
17038.0,30,1,112.4,1
17040.0,138,1,449.73,0
17041.0,27,4,1065.77,1
17042.0,3,5,1044.3799999999999,1
17043.0,32,4,1735.18,1
17044.0,9,3,897.4300000000001,1
17045.0,113,3,339.44,1
17046.0,157,1,642.02,0
17047.0,85,3,1100.9,1
17048.0,115,6,864.32,1
17049.0,3,11,5594.78,1
17050.0,96,6,3228.84,1
17051.0,194,1,247.14000000000001,0
17052.0,28,1,413.75,1
17053.0,129,2,496.38,1
17054.0,28,6,1353.83,1
17058.0,82,3,1179.89,1
17059.0,30,5,3095.04,1
17060.0,266,1,234.24,0
17061.0,74,12,5116.13,1
17062.0,314,5,534.47,0
17063.0,9,11,1421.59,1
17064.0,59,3,859.35,1
17065.0,143,1,-112.35,0
17068.0,12,22,4531.34,1
17069.0,28,13,2655.2200000000003,1
17070.0,114,1,312.14,1
17071.0,9,14,2385.48,1
17073.0,18,4,1446.09,1
17075.0,18,5,813.77,1
17076.0,36,3,841.0799999999999,1
17078.0,36,2,378.2,1
17079.0,78,1,118.80000000000001,1
17080.0,22,3,285.5,1
17081.0,25,2,290.16,1
17082.0,33,2,2003.85,1
17083.0,109,3,1405.78,1
17084.0,35,2,2949.75,1
17085.0,123,6,1555.05,1
17086.0,7,6,2050.08,1
17088.0,28,4,1991.01,1
17090.0,4,8,2041.8500000000001,1
17091.0,3,10,3802.81,1
17092.0,50,4,1777.78,1
17094.0,318,2,270.20000000000005,0
17095.0,22,6,1088.2,1
17096.0,9,7,992.6800000000001,1
17100.0,18,2,971.74,1
17101.0,10,4,1621.73,1
17102.0,262,1,25.5,0
17105.0,159,2,665.78,0
17107.0,33,7,10380.43,1
17109.0,29,8,869.6800000000001,1
17110.0,165,1,163.29999999999998,0
17111.0,47,1,248.61,1
17114.0,6,10,747.22,1
17115.0,8,5,806.9000000000001,1
17117.0,288,1,116.19999999999999,0
17118.0,318,1,157.02,0
17119.0,3,3,593.61,1
17120.0,233,1,307.46,0
17122.0,119,1,138.32,1
17123.0,162,1,345.29999999999995,0
17124.0,185,1,298.89,0
17125.0,50,1,259.35,1
17126.0,152,7,991.85,0
17128.0,335,1,157.09,0
17131.0,5,5,2463.17,1
17133.0,16,7,4892.240000000001,1
17134.0,107,2,425.0,1
17135.0,16,7,1139.73,1
17138.0,276,1,380.5,0
17139.0,16,15,10585.57,1
17140.0,247,1,465.32,0
17142.0,239,1,579.0,0
17144.0,1,2,984.57,1
17146.0,106,3,749.78,1
17147.0,23,6,1679.64,1
17148.0,52,1,124.88,1
17152.0,195,4,1503.5,0
17153.0,24,1,213.78,1
17154.0,75,1,329.34,1
17155.0,18,2,251.70000000000002,1
17157.0,8,3,306.55,1
17158.0,32,3,1266.97,1
17159.0,22,4,1534.73,1
17160.0,31,6,3518.03,1
17162.0,29,11,1707.21,1
17163.0,22,2,293.1,1
17164.0,33,8,2466.4,1
17165.0,284,1,158.68,0
17166.0,39,3,189.49,1
17169.0,50,4,816.88,1
17171.0,289,1,224.91,0
17172.0,75,2,313.26,1
17173.0,5,9,3755.65,1
17174.0,218,1,59.9,0
17175.0,44,5,1430.94,1
17176.0,202,1,306.13,0
17179.0,178,3,711.79,0
17180.0,56,6,780.38,1
17181.0,57,2,239.92000000000002,1
17183.0,8,8,3286.9100000000003,1
17186.0,47,2,144.0,1
17187.0,227,1,203.95,0
17188.0,11,9,2275.58,1
17189.0,106,2,384.40000000000003,1
17190.0,59,3,249.74,1
17191.0,28,7,2095.13,1
17193.0,36,9,1674.46,1
17194.0,274,2,262.62,0
17197.0,30,1,1013.01,1
17198.0,24,3,692.22,1
17201.0,54,1,342.63,1
17203.0,36,6,3563.85,1
17204.0,169,9,1352.91,0
17205.0,54,1,384.08,1
17206.0,53,1,204.24,1
17211.0,27,9,2299.67,1
17212.0,253,1,226.85,0
17213.0,40,11,2741.08,1
17214.0,60,7,984.12,1
17217.0,234,1,113.5,0
17218.0,4,10,1960.72,1
17219.0,32,1,114.23,1
17220.0,24,14,3198.25,1
17221.0,7,2,335.13,1
17222.0,65,1,354.15,1
17223.0,310,2,426.79,0
17226.0,309,1,393.49,0
17227.0,19,6,939.32,1
17228.0,16,8,1906.09,1
17229.0,96,2,318.76,1
17230.0,264,11,3466.67,0
17231.0,12,14,3127.82,1
17232.0,3,2,421.52,1
17233.0,35,1,190.88,1
17234.0,183,1,149.89000000000001,0
17235.0,25,2,550.06,1
17236.0,13,6,916.13,1
17237.0,11,2,314.69,1
17238.0,3,17,3744.65,1
17239.0,313,2,379.95,0
17242.0,108,2,1135.04,1
17243.0,1,30,8628.55,1
17244.0,53,1,954.9,1
17245.0,205,1,171.45,0
17247.0,15,1,282.19,1
17248.0,120,1,318.65,1
17250.0,4,2,384.52,1
17251.0,363,1,283.28000000000003,0
17252.0,117,2,353.86,1
17253.0,18,1,178.26,1
17254.0,5,2,272.44,1
17255.0,41,2,298.41,1
17256.0,107,2,240.0,1
17259.0,148,2,603.37,0
17262.0,52,5,1253.3600000000001,1
17263.0,208,1,63.440000000000005,0
17265.0,139,2,562.9,0
17266.0,2,3,310.64,1
17267.0,127,2,317.62,1
17268.0,108,4,763.64,1
17272.0,42,5,2144.53,1
17274.0,35,1,111.97999999999999,1
17277.0,228,2,1065.3500000000001,0
17278.0,241,1,246.04,0
17279.0,58,1,187.82999999999998,1
17282.0,130,3,1703.41,1
17284.0,60,7,1641.68,1
17286.0,22,1,153.92,1
17287.0,26,7,1064.11,1
17288.0,9,7,1419.73,1
17289.0,32,4,936.16,1
17290.0,4,2,525.24,1
17291.0,308,1,550.8000000000001,0
17293.0,8,9,1875.1100000000001,1
17295.0,29,3,556.95,1
17297.0,17,1,131.78,1
17298.0,101,2,498.42,1
17299.0,12,4,669.11,1
17301.0,21,1,197.63,1
17302.0,15,6,1119.93,1
17303.0,361,1,250.04,0
17306.0,11,21,8600.73,1
17307.0,365,1,-152.64000000000001,0
17309.0,95,1,82.75,1
17311.0,78,2,1384.85,1
17312.0,139,3,644.3,1
17313.0,18,2,2288.13,1
17314.0,25,11,2514.76,1
17315.0,1,43,6204.46,1
17317.0,46,5,2524.02,1
17320.0,100,3,1200.6200000000001,1
17321.0,8,2,700.86,1
17323.0,15,9,908.99,1
17324.0,18,4,990.23,1
17325.0,280,1,96.8,0
17329.0,14,2,523.11,1
17330.0,23,2,363.9,1
17331.0,124,1,175.2,1
17333.0,86,1,494.25,1
17334.0,301,3,306.6,0
17337.0,151,7,1944.32,1
17338.0,17,10,6612.18,1
17339.0,94,2,243.36,1
17340.0,9,16,11891.18,1
17341.0,157,3,781.36,0
17343.0,355,1,193.64,0
17344.0,46,1,160.57,1
17345.0,15,4,537.74,1
17346.0,4,16,2611.58,1
17347.0,86,1,228.96,1
17348.0,15,5,1159.52,1
17349.0,179,1,110.75,0
17350.0,8,5,1256.19,1
17351.0,36,3,587.15,1
17353.0,129,2,1740.0,1
17354.0,51,1,1393.06,1
17356.0,312,1,178.22,0
17357.0,24,2,388.14,1
17358.0,303,2,365.85,0
17359.0,11,1,127.86,1
17360.0,17,3,585.79,1
17361.0,49,3,488.2,1
17362.0,239,2,312.23,0
17364.0,1,12,4455.73,1
17365.0,13,8,4801.56,1
17367.0,238,1,168.4,0
17368.0,23,9,1349.52,1
17370.0,73,4,446.18,1
17371.0,17,3,423.89,1
17372.0,41,8,1342.68,1
17373.0,40,4,646.92,1
17374.0,219,2,495.77,0
17375.0,190,4,372.5,0
17376.0,71,2,203.2,1
17377.0,24,21,3925.92,1
17379.0,11,1,404.66,1
17381.0,9,30,20272.43,1
17382.0,65,1,65.4,1
17383.0,4,1,199.29,1
17384.0,19,2,336.4,1
17385.0,15,1,261.11,1
17386.0,8,6,2686.42,1
17387.0,20,2,784.11,1
17388.0,78,4,1259.56,1
17389.0,1,43,31300.079999999998,1
17391.0,164,2,508.8,0
17392.0,307,2,457.91,0
17394.0,219,1,203.86999999999998,0
17396.0,39,8,7330.8,1
17397.0,22,2,696.41,1
17398.0,115,3,653.38,1
17400.0,126,5,2129.96,1
17402.0,5,13,2633.85,1
17403.0,36,1,281.62,1
17405.0,1,5,967.22,1
17406.0,330,5,1928.72,0
17408.0,163,1,32.65,0
17409.0,185,2,771.85,0
17410.0,16,5,1214.72,1
17411.0,12,4,748.94,1
17412.0,3,7,1258.06,1
17414.0,44,2,778.0,1
17415.0,79,1,507.84,1
17416.0,30,9,6838.34,1
17418.0,42,2,463.46000000000004,1
17419.0,11,14,4200.97,1
17420.0,50,3,598.83,1
17422.0,16,10,1853.1299999999999,1
17423.0,45,4,663.63,1
17425.0,19,2,759.17,1
17426.0,4,7,5022.26,1
17427.0,72,1,100.8,1
17428.0,1,33,17078.45,1
17429.0,121,4,512.12,1
17430.0,33,2,265.76,1
17431.0,313,1,403.3,0
17432.0,18,2,365.76,1
17433.0,88,1,303.15999999999997,1
17434.0,2,9,2333.42,1
17436.0,2,2,216.29999999999998,1
17438.0,247,2,378.3,0
17440.0,148,5,177.1,0
17442.0,29,10,2210.2599999999998,1
17446.0,177,2,120.9,0
17447.0,40,2,541.53,1
17448.0,145,1,-4287.63,0
17449.0,2,8,2504.86,1
17450.0,8,55,187482.17,3
17451.0,1,10,1648.95,1
17453.0,18,2,486.71999999999997,1
17454.0,192,4,517.53,0
17455.0,204,1,131.7,0
17456.0,365,1,249.86,0
17457.0,127,5,1737.7,1
17458.0,15,1,316.5,1
17459.0,43,2,657.3,1
17460.0,79,8,452.63,1
17461.0,23,3,757.46,1
17462.0,51,3,662.94,1
17463.0,16,6,1881.36,1
17464.0,158,1,289.96000000000004,0
17466.0,10,2,763.28,1
17468.0,10,2,137.0,1
17469.0,16,6,1843.06,1
17470.0,45,5,1125.07,1
17472.0,191,3,710.29,0
17475.0,79,1,194.37,1
17480.0,74,2,506.51,1
17481.0,4,5,1249.34,1
17483.0,65,3,414.04,1
17486.0,261,1,396.87,0
17489.0,59,2,376.64,1
17490.0,1,11,1926.8799999999999,1
17491.0,1,11,3541.92,1
17492.0,248,1,374.57,0
17495.0,8,2,497.56,1
17496.0,359,1,271.05,0
17498.0,76,1,272.22,1
17499.0,290,1,622.88,0
17500.0,17,3,1138.0,1
17501.0,221,2,288.6,0
17502.0,9,4,689.1,1
17503.0,3,2,558.96,1
17504.0,206,10,2745.2799999999997,0
17505.0,161,2,1145.84,0
17506.0,70,2,294.29,1
17507.0,262,2,605.58,0
17509.0,58,11,6100.74,1
17510.0,25,1,308.48,1
17511.0,3,46,88125.38,3
17512.0,29,11,2920.04,1
17513.0,72,1,513.2,1
17514.0,128,1,208.65,1
17515.0,31,4,639.02,1
17516.0,15,5,768.08,1
17517.0,309,1,153.94,0
17519.0,17,7,1839.07,1
17520.0,54,1,546.81,1
17521.0,24,4,721.9599999999999,1
17522.0,2,5,1070.71,1
17523.0,11,4,652.74,1
17524.0,361,1,145.0,0
17525.0,360,1,422.70000000000005,0
17526.0,1,8,706.7,1
17527.0,54,6,888.86,1
17528.0,1,11,3540.1,1
17530.0,1,10,2385.0,1
17531.0,121,2,293.45,1
17534.0,54,1,223.36,1
17535.0,280,1,164.4,0
17536.0,177,1,76.5,0
17537.0,30,2,897.62,1
17538.0,26,1,98.42,1
17540.0,9,3,570.4,1
17542.0,270,1,170.75,0
17545.0,43,3,645.96,1
17547.0,372,1,-11.8,0
17548.0,218,3,-141.48,0
17549.0,24,2,148.86,1
17550.0,197,3,267.16,0
17551.0,359,1,306.84,0
17552.0,43,6,909.96,1
17553.0,130,1,1487.6,1
17554.0,1,5,1952.45,1
17555.0,20,2,483.26,1
17556.0,206,1,157.9,0
17557.0,14,3,541.46,1
17560.0,95,5,854.95,1
17561.0,19,1,167.62,1
17562.0,14,8,1107.38,1
17564.0,24,3,454.01,1
17566.0,8,2,901.21,1
17567.0,7,10,4012.56,1
17569.0,332,1,344.14,0
17571.0,50,4,1498.51,1
17572.0,71,4,226.75000000000003,1
17573.0,29,4,362.9,1
17574.0,243,1,185.65,0
17576.0,8,22,3457.78,1
17578.0,191,2,124.74,0
17579.0,5,4,440.2,1
17580.0,253,3,215.72,0
17581.0,1,31,10736.11,1
17582.0,236,1,175.27,0
17584.0,7,3,1227.3,1
17585.0,109,4,1133.07,1
17588.0,100,3,1240.2,1
17589.0,60,4,2404.17,1
17590.0,2,3,1479.22,1
17591.0,73,8,2215.02,1
17593.0,4,6,3911.56,1
17594.0,85,2,993.18,1
17595.0,12,2,388.79,1
17596.0,23,7,2827.93,1
17597.0,214,1,2044.3700000000001,0
17600.0,18,1,161.67000000000002,1
17601.0,239,1,116.00999999999999,0
17602.0,2,8,5050.77,1
17603.0,50,5,-1165.3,1
17604.0,217,2,309.36,0
17608.0,33,2,193.42,1
17609.0,41,6,1103.92,1
17611.0,4,19,3947.87,1
17612.0,53,10,1992.76,1
17613.0,23,17,4509.37,1
17614.0,57,1,390.07,1
17615.0,130,3,329.6,1
17616.0,174,3,571.1999999999999,0
17618.0,6,3,971.58,1
17619.0,312,1,218.52,0
17620.0,60,1,81.44,1
17621.0,21,4,1336.1,1
17623.0,33,1,527.0500000000001,1
17624.0,15,2,843.48,1
17625.0,18,4,2047.0,1
17628.0,81,1,75.75,1
17629.0,6,9,1784.12,1
17630.0,170,2,503.59999999999997,0
17631.0,2,3,528.33,1
17633.0,31,6,1242.34,1
17634.0,36,9,2361.9700000000003,1
17636.0,9,2,265.93,1
17637.0,31,2,547.0600000000001,1
17639.0,276,1,108.5,0
17640.0,87,1,621.66,1
17642.0,120,2,712.29,1
17643.0,373,1,101.55,0
17644.0,1,17,2768.98,1
17646.0,219,4,995.6600000000001,0
17647.0,65,1,133.06,1
17648.0,61,5,1789.55,1
17649.0,135,2,861.74,1
17650.0,21,1,166.08,1
17651.0,12,14,3886.67,1
17652.0,25,18,4737.13,1
17653.0,29,5,1175.88,1
17654.0,277,1,117.55,0
17655.0,11,8,2571.7400000000002,1
17656.0,73,5,1674.69,1
17658.0,11,3,485.88,1
17659.0,4,14,2954.75,1
17660.0,141,1,196.0,0
17663.0,26,9,1788.27,1
17664.0,19,2,604.64,1
17666.0,4,2,728.16,1
17667.0,66,5,2055.51,1
17668.0,1,2,347.75,1
17669.0,43,7,3406.7200000000003,1
17670.0,228,1,205.7,0
17671.0,16,6,1284.08,1
17672.0,44,4,3106.62,1
17673.0,1,7,1622.22,1
17674.0,74,2,551.04,1
17675.0,1,41,20098.1,1
17676.0,4,7,1383.27,1
17677.0,2,43,16219.22,1
17678.0,264,1,298.11,0
17679.0,53,2,1992.1100000000001,1
17680.0,24,1,184.4,1
17682.0,10,7,2459.33,1
17684.0,44,1,239.41,1
17685.0,17,7,3191.53,1
17686.0,7,7,5739.46,1
17690.0,30,16,4748.45,1
17691.0,358,2,290.40000000000003,0
17692.0,127,5,733.4399999999999,1
17693.0,136,3,187.02,1
17694.0,142,1,283.12,0
17695.0,132,2,765.34,1
17696.0,38,14,2201.05,1
17697.0,236,1,338.95,0
17698.0,261,1,154.95,0
17700.0,17,6,2508.89,1
17701.0,253,1,417.95,0
17702.0,30,6,1719.72,1
17703.0,35,3,798.74,1
17704.0,169,2,885.19,0
17705.0,3,10,1781.12,1
17706.0,4,22,10097.37,1
17707.0,185,2,152.4,0
17708.0,188,2,267.08,0
17709.0,170,1,137.45,0
17711.0,11,2,385.1,1
17712.0,45,1,522.91,1
17714.0,321,1,153.0,0
17715.0,201,1,326.4,0
17716.0,23,12,5505.79,1
17718.0,232,1,139.35,0
17719.0,38,18,5367.8,1
17720.0,26,4,1195.94,1
17722.0,96,6,2380.64,1
17723.0,127,6,3276.4000000000005,1
17724.0,58,4,995.6500000000001,1
17725.0,16,14,3371.13,1
17727.0,9,2,1042.55,1
17728.0,4,5,2515.68,1
17730.0,3,15,5288.83,1
17731.0,79,5,878.2,1
17732.0,373,1,303.97,0
17733.0,39,2,692.19,1
17734.0,54,3,700.63,1
17735.0,2,19,13110.02,1
17736.0,9,4,337.49,1
17737.0,9,2,168.24,1
17738.0,19,5,1863.35,1
17739.0,12,8,2786.05,1
17742.0,113,2,355.11,1
17744.0,4,7,2291.08,1
17746.0,235,2,98.8,0
17747.0,100,2,64.65,1
17749.0,178,2,674.52,0
17750.0,5,9,1797.57,1
17752.0,359,1,80.64,0
17754.0,1,6,1739.92,1
17757.0,1,31,5585.49,1
17758.0,19,8,3456.7000000000003,1
17759.0,17,3,834.99,1
17760.0,22,2,287.59,1
17761.0,33,1,712.78,1
17763.0,263,1,15.0,0
17764.0,51,2,818.8199999999999,1
17765.0,159,3,371.88,0
17767.0,15,1,271.2,1
17768.0,8,3,2273.1800000000003,1
17769.0,13,12,3960.63,1
17770.0,199,5,1143.27,0
17771.0,57,2,245.81,1
17772.0,11,2,182.77,1
17774.0,97,5,1215.46,1
17775.0,255,1,56.4,0
17777.0,25,3,665.86,1
17779.0,21,5,642.17,1
17781.0,159,2,188.02,0
17783.0,72,2,283.47,1
17785.0,53,1,131.94,1
17786.0,85,2,278.74,1
17787.0,153,4,1865.19,0
17788.0,74,2,1117.9,1
17789.0,281,1,225.9,0
17790.0,27,14,1965.55,1
17791.0,30,1,106.1,1
17793.0,25,1,323.04,1
17795.0,180,2,350.39,0
17796.0,40,4,697.9,1
17797.0,22,3,780.43,1
17799.0,22,11,3026.08,1
17800.0,37,9,1199.01,1
17802.0,82,4,1251.84,1
17805.0,74,1,512.31,1
17806.0,11,1,546.04,1
17809.0,16,15,4627.62,1
17811.0,4,51,7677.71,1
17812.0,13,4,732.16,1
17813.0,14,7,1714.6,1
17816.0,37,4,36.56,1
17817.0,4,3,387.68,1
17819.0,72,8,3661.0699999999997,1
17820.0,191,2,-24.05,0
17824.0,51,1,298.4,1
17827.0,5,5,1995.46,1
17830.0,2,3,398.7,1
17831.0,33,1,35.400000000000006,1
17832.0,50,1,155.37,1
17835.0,3,3,350.64,1
17836.0,47,1,110.21000000000001,1
17837.0,42,10,1560.53,1
17838.0,27,6,2312.7,1
17839.0,42,1,338.8,1
17841.0,2,169,40340.78,2
17843.0,303,1,205.48,0
17846.0,85,1,2033.1,1
17848.0,81,9,901.1999999999999,1
17849.0,218,4,605.8000000000001,0
17850.0,302,35,5288.63,0
17852.0,12,2,114.34,1
17854.0,185,2,311.26,0
17855.0,373,1,208.97,0
17856.0,2,6,1393.79,1
17857.0,3,25,26763.34,1
17858.0,6,12,5155.66,1
17859.0,305,1,148.21,0
17860.0,369,1,252.8,0
17861.0,3,9,2059.2,1
17862.0,324,1,330.9,0
17863.0,59,6,3160.0,1
17864.0,13,3,597.5,1
17865.0,31,27,10158.54,1
17866.0,143,2,325.7,0
17867.0,30,8,622.75,1
17869.0,107,5,428.18,1
17870.0,2,13,1889.4,1
17871.0,205,1,155.9,0
17873.0,80,6,1764.3600000000001,1
17874.0,185,7,658.26,0
17877.0,170,1,237.61,0
17878.0,44,1,379.45,1
17879.0,174,1,178.51999999999998,0
17880.0,365,1,458.92,0
17881.0,304,1,133.35000000000002,0
17883.0,3,4,671.77,1
17884.0,4,4,717.45,1
17885.0,12,1,190.19,1
17886.0,32,3,899.61,1
17887.0,129,1,111.35,1
17888.0,19,10,525.78,1
17889.0,212,2,203.87,0
17890.0,323,2,602.09,0
17891.0,162,1,203.85999999999999,0
17892.0,56,3,244.1,1
17893.0,225,1,112.25,0
17894.0,72,8,1119.81,1
17895.0,44,1,98.0,1
17896.0,23,1,256.32,1
17897.0,173,4,541.1,0
17898.0,85,2,152.06,1
17899.0,159,1,155.8,0
17900.0,165,4,15.0,0
17901.0,29,1,110.38,1
17904.0,21,2,178.92,1
17905.0,71,4,800.24,1
17906.0,247,1,72.9,0
17908.0,374,1,243.28,0
17911.0,9,1,366.23,1
17912.0,310,6,295.61,0
17913.0,59,2,411.6,1
17914.0,4,1,336.43,1
17917.0,45,3,341.28,1
17919.0,88,1,1304.04,1
17920.0,4,17,4204.1,1
17921.0,64,4,826.52,1
17923.0,282,1,207.50000000000003,0
17924.0,1,13,2894.33,1
17925.0,373,1,244.08,0
17926.0,133,2,397.29,1
17928.0,45,2,212.54,1
17929.0,11,5,834.5,1
17930.0,36,5,1740.48,1
17931.0,134,2,408.36,1
17932.0,29,3,1331.57,1
17934.0,52,2,704.25,1
17935.0,138,2,145.79,0
17936.0,5,1,389.84,1
17937.0,9,7,4301.22,1
17939.0,160,1,99.14,0
17940.0,49,14,1983.5800000000002,1
17941.0,131,1,304.56,1
17942.0,8,1,77.50000000000001,1
17946.0,233,2,149.57999999999998,0
17947.0,37,1,176.68,1
17948.0,147,1,358.56000000000006,0
17949.0,1,52,52750.84,3
17950.0,72,4,472.12,1
17951.0,40,4,990.8400000000001,1
17954.0,5,16,2295.37,1
17955.0,199,4,557.3,0
17956.0,249,1,12.75,0
17957.0,66,1,111.68,1
17958.0,117,1,508.4599999999999,1
17960.0,171,1,73.78,0
17961.0,21,39,1296.44,1
17962.0,142,1,102.83,0
17964.0,32,2,471.7,1
17965.0,38,14,2622.57,1
17966.0,38,5,1098.43,1
17967.0,372,1,123.07,0
17968.0,374,1,277.35,0
17969.0,166,2,228.2,0
17970.0,211,1,582.59,0
17972.0,242,1,136.04,0
17973.0,52,1,337.04,1
17974.0,25,3,740.79,1
17975.0,15,14,4393.61,1
17976.0,372,1,353.19,0
17977.0,29,1,288.14,1
17978.0,365,1,300.91999999999996,0
17979.0,36,5,737.81,1
17980.0,166,3,811.45,0
17984.0,145,1,152.68,0
17985.0,22,1,634.95,1
17986.0,56,1,20.8,1
17987.0,185,1,198.57,0
17988.0,12,8,191.17000000000002,1
17990.0,237,3,630.84,0
17991.0,225,2,93.35,0
17994.0,122,6,629.6899999999999,1
17995.0,282,1,76.1,0
17997.0,74,12,1511.3,1
17999.0,37,2,382.06,1
18001.0,12,2,417.23,1
18004.0,362,1,169.47,0
18005.0,4,2,249.72,1
18006.0,23,1,444.68,1
18008.0,70,9,2116.19,1
18009.0,235,2,252.24,0
18010.0,257,1,174.8,0
18011.0,373,1,102.78999999999999,0
18013.0,155,2,187.29,0
18014.0,28,1,166.42,1
18015.0,4,1,120.03,1
18016.0,32,5,1483.56,1
18017.0,81,3,523.0,1
18018.0,108,2,122.14,1
18019.0,52,1,38.45,1
18022.0,36,1,668.11,1
18024.0,153,3,236.77999999999997,0
18027.0,99,1,115.31,1
18030.0,4,3,220.7,1
18032.0,334,1,73.5,0
18033.0,65,1,97.97,1
18034.0,22,2,422.88,1
18035.0,36,3,730.4,1
18036.0,32,3,405.62,1
18037.0,154,6,70.02,0
18040.0,19,2,357.20000000000005,1
18041.0,12,22,4161.14,1
18042.0,54,1,165.04999999999998,1
18043.0,25,3,559.51,1
18044.0,4,11,2085.65,1
18045.0,45,1,189.4,1
18048.0,203,2,172.29000000000002,0
18050.0,359,1,74.4,0
18053.0,66,2,297.07,1
18055.0,7,11,6752.14,1
18056.0,288,1,363.65,0
18058.0,10,1,170.16,1
18059.0,9,4,296.71,1
18061.0,22,10,2119.41,1
18062.0,173,3,720.52,0
18064.0,133,2,814.0,1
18065.0,6,15,2380.08,1
18066.0,75,1,318.0,1
18067.0,40,1,396.33,1
18068.0,289,1,101.69999999999999,0
18069.0,26,7,2021.82,1
18071.0,258,2,453.0,0
18072.0,155,2,-5.329070518200751e-15,0
18073.0,114,13,3864.44,1
18074.0,374,1,489.6,0
18075.0,23,14,2538.7200000000003,1
18077.0,8,11,2633.0099999999998,1
18078.0,217,2,336.13,0
18079.0,45,4,3651.97,1
18080.0,19,2,1231.5,1
18081.0,36,3,343.45,1
18082.0,26,1,703.37,1
18084.0,16,2,87.52999999999999,1
18085.0,330,2,689.95,0
18086.0,274,1,101.34,0
18087.0,98,4,3770.1199999999994,1
18088.0,61,1,167.67000000000002,1
18092.0,2,12,9065.76,1
18093.0,93,5,2083.42,1
18094.0,82,7,3017.3,1
18095.0,312,2,580.0500000000001,0
18096.0,12,3,911.15,1
18097.0,8,7,2692.85,1
18099.0,127,1,168.31,1
18101.0,11,2,223.65,1
18102.0,1,62,256438.49,3
18104.0,37,1,754.64,1
18105.0,38,1,113.48000000000002,1
18106.0,330,1,430.7,0
18108.0,249,2,264.65,0
18109.0,2,31,7925.32,1
18110.0,19,2,206.05,1
18112.0,12,2,352.69,1
18113.0,369,1,76.32000000000001,0
18114.0,290,1,220.1,0
18116.0,68,8,1418.03,1
18117.0,26,1,320.72,1
18118.0,11,31,5595.77,1
18119.0,368,1,181.12,0
18120.0,214,1,111.15,0
18121.0,149,2,673.1,0
18122.0,8,6,1826.21,1
18123.0,24,2,589.4399999999999,1
18125.0,30,5,1141.34,1
18126.0,61,1,206.82999999999998,1
18127.0,19,3,348.73,1
18129.0,243,1,112.55000000000001,0
18130.0,9,4,1045.74,1
18133.0,211,2,715.4999999999999,0
18135.0,29,5,681.9100000000001,1
18136.0,63,4,761.83,1
18138.0,295,1,152.65,0
18139.0,17,8,8393.22,1
18141.0,361,1,-35.400000000000006,0
18142.0,151,4,1014.9,0
18143.0,117,2,1000.16,1
18144.0,8,12,2888.75,1
18145.0,13,4,2861.55,1
18146.0,141,2,160.35000000000002,0
18147.0,46,2,179.33999999999997,1
18149.0,51,3,612.0799999999999,1
18150.0,32,3,566.58,1
18151.0,135,2,653.35,1
18154.0,3,2,399.19,1
18155.0,75,4,347.82,1
18156.0,13,2,734.94,1
18158.0,9,3,451.75,1
18159.0,301,1,530.15,0
18160.0,57,2,638.0600000000001,1
18161.0,10,6,1612.79,1
18164.0,31,2,394.7,1
18165.0,177,1,302.46000000000004,0
18167.0,4,6,1355.51,1
18168.0,176,9,1133.64,0
18169.0,61,1,202.65,1
18170.0,33,3,980.31,1
18171.0,59,7,1208.51,1
18172.0,15,25,7490.17,1
18173.0,87,4,2106.84,1
18174.0,7,1,104.0,1
18176.0,354,2,448.65,0
18177.0,31,7,1314.17,1
18178.0,114,6,1573.41,1
18179.0,9,6,1793.17,1
18180.0,5,6,1843.75,1
18181.0,24,1,382.8,1
18183.0,218,6,600.52,0
18184.0,15,1,49.8,1
18185.0,249,1,304.25,0
18188.0,15,4,1998.49,1
18189.0,78,3,1084.34,1
18190.0,192,3,274.51,0
18191.0,262,1,207.79999999999998,0
18192.0,72,1,957.97,1
18193.0,151,3,212.96,0
18194.0,64,2,896.0,1
18196.0,95,2,689.13,1
18198.0,4,21,5083.06,1
18200.0,106,1,163.8,1
18202.0,200,3,1396.99,0
18203.0,157,1,160.42000000000002,0
18204.0,71,4,1979.3,1
18205.0,36,2,517.36,1
18209.0,29,1,139.10000000000002,1
18210.0,2,6,2621.38,1
18211.0,26,5,600.07,1
18212.0,326,1,248.42,0
18213.0,237,1,232.48000000000002,0
18215.0,89,1,299.34000000000003,1
18216.0,31,1,481.75,1
18217.0,29,2,621.75,1
18218.0,206,4,626.38,0
18219.0,3,11,2019.77,1
18220.0,220,2,297.78000000000003,0
18221.0,22,6,1033.31,1
18222.0,93,1,443.0,1
18223.0,2,27,6315.2300000000005,1
18224.0,264,1,158.95000000000002,0
18225.0,3,17,5361.02,1
18226.0,39,14,5192.1,1
18227.0,218,1,93.75,0
18228.0,50,3,769.2,1
18229.0,12,20,7276.900000000001,1
18230.0,9,10,2716.6000000000004,1
18231.0,192,6,2066.17,0
18232.0,82,5,582.47,1
18233.0,326,1,440.0,0
18235.0,72,3,1796.48,1
18236.0,30,6,882.24,1
18237.0,3,5,987.1,1
18239.0,219,5,1561.6100000000001,0
18240.0,46,1,422.58,1
18241.0,10,18,2058.09,1
18242.0,72,4,2232.4900000000002,1
18245.0,7,8,2507.56,1
18246.0,24,2,596.1,1
18248.0,114,4,783.02,1
18249.0,17,1,95.34,1
18250.0,301,2,342.92,0
18251.0,87,1,4314.72,1
18252.0,51,2,526.67,1
18255.0,89,1,103.3,1
18256.0,355,1,-50.1,0
18257.0,39,12,2265.38,1
18259.0,25,3,2338.6000000000004,1
18260.0,173,8,2595.0,0
18261.0,43,2,324.24,1
18262.0,140,1,149.48,0
18263.0,23,4,1211.08,1
18265.0,72,2,801.51,1
18268.0,134,2,0.0,1
18269.0,358,2,138.9,0
18270.0,38,3,238.95000000000002,1
18272.0,3,7,3064.78,1
18273.0,2,3,204.0,1
18274.0,18,2,1.7763568394002505e-15,1
18276.0,21,3,323.36,1
18277.0,58,2,97.63,1
18278.0,74,1,173.9,1
18280.0,278,1,180.60000000000002,0
18281.0,181,1,80.82,0
18282.0,8,3,176.6,1
18283.0,4,16,2094.88,1
18287.0,43,3,1837.28,1
